/*
Navicat MySQL Data Transfer

Source Server         : localhost_3306
Source Server Version : 50611
Source Host           : localhost:3306
Source Database       : jiankangjiance

Target Server Type    : MYSQL
Target Server Version : 50611
File Encoding         : 65001

Date: 2017-04-14 22:30:26
*/

SET FOREIGN_KEY_CHECKS=0;

-- ----------------------------
-- Table structure for `bingli`
-- ----------------------------
DROP TABLE IF EXISTS `bingli`;
CREATE TABLE `bingli` (
  `id` int(8) NOT NULL AUTO_INCREMENT,
  `blId` int(11) NOT NULL,
  `name` varchar(255) DEFAULT NULL,
  `content` text,
  `type` int(11) NOT NULL DEFAULT '0',
  `bingli` int(11) DEFAULT NULL,
  PRIMARY KEY (`id`)
) ENGINE=InnoDB AUTO_INCREMENT=25 DEFAULT CHARSET=utf8;

-- ----------------------------
-- Records of bingli
-- ----------------------------
INSERT INTO `bingli` VALUES ('13', '1', '酒精依赖', '<p style=\"margin-top:0;margin-right:9px;margin-bottom:0;margin-left:2px;margin-bottom:0;text-align:justify;text-justify:inter-ideograph;line-height:131%\"><span style=\"font-size:15px;line-height:131%;font-family:宋体;color:#333333\">饮酒是一种颇为悠久而普遍的生活习惯和社会风俗，如今越来越多成为世界各国重要的公共卫生问题。如果过度饮酒已经造成了躯体或者精神的损害，并带来不良的社会后果，如果饮酒的时间和量达到了一定的程度，使饮酒者无法控制自己的饮酒行为，并且出现躯体化和戒断的症状，这一情况被称为酒精依赖。酒精导致的躯体损害：过度饮酒可导致躯体、心理、社会多方面严重损害，内脏系统和神经系统损害比较明显。常见的如癫痫、肝硬化、肠胃疾病等。酒精导致的心理损害：酒精依赖可导致人格改变，焦虑和抑郁状态，性功能障碍，导致自杀等情况发生。酒精导致社会损害：交通事故、家庭暴力、人身攻击等。</span></p><p style=\"margin-top:0;margin-right:9px;margin-bottom:0;margin-left:2px;margin-bottom:0;text-align:justify;text-justify:inter-ideograph;line-height:131%\"><span style=\"font-size:15px;line-height:131%;font-family:宋体;color:#333333\">酒精是一种麻醉剂，一次大量饮酒，可出现急性精神症状，长期饮酒的患者可产生酒精依赖，酒精中毒性精神障碍，甚至出现不可逆的神经系统损害。</span></p><p style=\"margin-top:0;margin-right:9px;margin-bottom:0;margin-left:2px;margin-bottom:0;text-align:justify;text-justify:inter-ideograph;line-height:131%\"><span style=\"font-size:15px;line-height:131%;font-family:&#39;Times New Roman&#39;,&#39;serif&#39;;color:#333333\">1.</span><span style=\"font-size:15px;line-height:131%;font-family: 宋体;color:#333333\">酒精的躯体依赖性： 酒精精神依赖是指对酒的渴求，早期并没有出现明显的躯体症状，当发展严重时，患者恐惧戒断症状出现，表现强烈的饮酒渴求，导致不可控制即酒瘾。</span></p><p style=\"margin-top:0;margin-right:9px;margin-bottom:0;margin-left:2px;margin-bottom:0;text-align:justify;text-justify:inter-ideograph;line-height:131%\"><span style=\"font-size:15px;line-height:131%;font-family:&#39;Times New Roman&#39;,&#39;serif&#39;;color:#333333\">2.</span><span style=\"font-size:15px;line-height:131%;font-family: 宋体;color:#333333\">戒断综合征： 震颤是酒精依赖患者典型的戒断症状之一，通常在患者停止饮酒后</span><span style=\"font-size:15px;line-height:131%;font-family: &#39;Times New Roman&#39;,&#39;serif&#39;;color:#333333\">7</span><span style=\"font-size:15px;line-height:131%;font-family:宋体;color:#333333\">～</span><span style=\"font-size: 15px;line-height:131%;font-family:&#39;Times New Roman&#39;,&#39;serif&#39;;color:#333333\">8</span><span style=\"font-size:15px;line-height:131%;font-family:宋体;color:#333333\">个小时出现，这种震颤会随着情绪的激动加重。还有一些患者会出现恶心、呕吐、食欲不振。</span></p><p style=\"margin-top:0;margin-right:9px;margin-bottom:0;margin-left:2px;margin-bottom:0;text-align:justify;text-justify:inter-ideograph;line-height:131%\"><span style=\"font-size:15px;line-height:131%;font-family:&#39;Times New Roman&#39;,&#39;serif&#39;;color:#333333\">3.</span><span style=\"font-size:15px;line-height:131%;font-family: 宋体;color:#333333\">酒精中毒性精神障碍：</span></p><p style=\"margin-top:0;margin-right:9px;margin-bottom:0;margin-left:2px;margin-bottom:0;text-align:justify;text-justify:inter-ideograph;line-height:131%\"><span style=\"font-size:15px;line-height:131%;font-family:&#39;Times New Roman&#39;,&#39;serif&#39;;color:#333333\">3.1</span><span style=\"font-size:15px;line-height:131%;font-family: 宋体;color:#333333\">急性酒精中毒： 患者在一次大量饮酒后产生的正常反应，患者出现情绪兴奋、话多、精神充沛、运动失调、震颤等，随着酒醒后上述症状就会消失。</span></p><p><span style=\"font-size:15px;font-family: &#39;Times New Roman&#39;,&#39;serif&#39;;color:#333333\">3.2</span><span style=\"font-size:15px;font-family:宋体;color:#333333\">慢性酒精中毒： 患者长期饮酒后出现精神方面的异常，常见幻觉、幻听、震颤、妄想、人格衰退。严重者出现痴呆等。反复大量饮酒常可以引起严重的抑郁症状。</span></p><p style=\"line-height:99%\"><strong><span style=\"font-size:17px;line-height:99%;font-family: 宋体;color:#333333\">患病率</span></strong></p><p style=\"line-height:19px\"><span style=\"font-size:16px;font-family:&#39;Times New Roman&#39;,&#39;serif&#39;\">&nbsp;</span></p><p style=\"margin-top:0;margin-right:9px;margin-bottom:0;margin-left:2px;margin-bottom:0;text-align:justify;text-justify:inter-ideograph;line-height:131%\"><span style=\"font-size:15px;line-height:131%;font-family:&#39;Times New Roman&#39;,&#39;serif&#39;;color:#333333\">WHO</span><span style=\"font-size:15px;line-height:131%;font-family: 宋体;color:#333333\">估计有</span><span style=\"font-size:15px;line-height:131%;font-family:&#39;Times New Roman&#39;,&#39;serif&#39;;color:#333333\">9100</span><span style=\"font-size:15px;line-height:131%;font-family:宋体;color:#333333\">万患有酒精依赖症。从</span><span style=\"font-size:15px;line-height:131%;font-family:&#39;Times New Roman&#39;,&#39;serif&#39;;color:#333333\">1990</span> <span style=\"font-size:15px;line-height:131%;font-family:宋体;color:#333333\">年至</span><span style=\"font-size:15px;line-height:131%;font-family:&#39;Times New Roman&#39;,&#39;serif&#39;;color:#333333\">2010 </span><span style=\"font-size:15px;line-height:131%;font-family: 宋体;color:#333333\">年的</span><span style=\"font-size:15px;line-height:131%;font-family:&#39;Times New Roman&#39;,&#39;serif&#39;;color:#333333\">20</span><span style=\"font-size:15px;line-height:131%;font-family: 宋体;color:#333333\">年间，酒精依赖已由之前的第</span><span style=\"font-size:15px;line-height:131%;font-family:&#39;Times New Roman&#39;,&#39;serif&#39;;color:#333333\">6</span><span style=\"font-size:15px;line-height:131%;font-family:宋体;color:#333333\">位快速攀升至第</span><span style=\"font-size:15px;line-height:131%;font-family: &#39;Times New Roman&#39;,&#39;serif&#39;;color:#333333\">3</span><span style=\"font-size:15px;line-height:131%;font-family:宋体;color:#333333\">位。</span><span style=\"font-size:15px;line-height:131%;font-family:&#39;Times New Roman&#39;,&#39;serif&#39;;color:#333333\">2011</span> <span style=\"font-size:15px;line-height:131%;font-family:宋体;color:#333333\">年关于全球酒精与健康状况的调查报告显示：每年大约有</span><span style=\"font-size:15px;line-height:131%;font-family:&#39;Times New Roman&#39;,&#39;serif&#39;;color:#333333\">250</span><span style=\"font-size:15px;line-height:131%;font-family: 宋体;color:#333333\">万人的死因与酒精有关，其发生率超过了艾滋病、肺结核和暴力事件，约占全球总死亡人数的</span><span style=\"font-size:15px;line-height:131%;font-family:&#39;Times New Roman&#39;,&#39;serif&#39;;color:#333333\">4%</span><span style=\"font-size:15px;line-height:131%;font-family: 宋体;color:#333333\">。</span><span style=\"font-size:15px;line-height:131%;font-family:&#39;Times New Roman&#39;,&#39;serif&#39;;color:#333333\">2009</span> <span style=\"font-size:15px;line-height:131%;font-family:宋体;color:#333333\">年</span><span style=\"font-size:15px;line-height:131%;font-family: &#39;Times New Roman&#39;,&#39;serif&#39;;color:#333333\">Phillips</span> <span style=\"font-size:15px;line-height:131%;font-family:宋体;color:#333333\">等在一项我国</span><span style=\"font-size:15px;line-height:131%;font-family:&#39;Times New Roman&#39;,&#39;serif&#39;;color:#333333\">4 </span><span style=\"font-size:15px;line-height:131%;font-family: 宋体;color:#333333\">个省的流行病学调查中发现，酒精相关障碍的终生患病率是</span><span style=\"font-size:15px;line-height:131%;font-family: &#39;Times New Roman&#39;,&#39;serif&#39;;color:#333333\">9.0%</span><span style=\"font-size: 15px;line-height:131%;font-family:宋体;color:#333333\">（酒精滥用/酒精依赖</span><span style=\"font-size:15px;line-height:131%;font-family:&#39;Times New Roman&#39;,&#39;serif&#39;;color:#333333\">=4%/5%</span><span style=\"font-size:15px;line-height:131%;font-family:宋体;color:#333333\">）。</span></p><p><strong><span style=\"font-size:17px;font-family: 宋体;color:#333333\">致病原因</span></strong></p><p style=\"line-height:19px\"><span style=\"font-size:16px;font-family:&#39;Times New Roman&#39;,&#39;serif&#39;\">&nbsp;</span></p><p style=\"margin-top:0;margin-right:9px;margin-bottom:0;margin-left:2px;margin-bottom:0;text-align:justify;text-justify:inter-ideograph;line-height:131%\"><span style=\"font-size:15px;line-height:131%;font-family:&#39;Times New Roman&#39;,&#39;serif&#39;;color:#333333\">1.</span><span style=\"font-size:15px;line-height:131%;font-family: 宋体;color:#333333\">生物学因素： 遗传学研究发现，某些人具有对酒精依赖的先天遗传倾向；酒的代谢主要通过乙醇脱氢酶和乙醛脱氢酶的作用，乙醛脱氢酶活性较低的人少量饮酒即可感到身体不适，因此不会大量饮酒，也就难以产生酒精依赖。</span></p><p style=\"margin-top:0;margin-right:9px;margin-bottom:0;margin-left:2px;margin-bottom:0;text-align:justify;text-justify:inter-ideograph;line-height:131%\"><span style=\"font-size:15px;line-height:131%;font-family:&#39;Times New Roman&#39;,&#39;serif&#39;;color:#333333\">2.</span><span style=\"font-size:15px;line-height:131%;font-family: 宋体;color:#333333\">心理因素： 性情抑郁、羞怯、焦虑、紧张、不善交际的人，为了克服这些缺陷而饮酒，久而久之容易发生酒精依赖。</span> </p><p style=\"margin-top:0;margin-right:9px;margin-bottom:0;margin-left:2px;margin-bottom:0;text-align:justify;text-justify:inter-ideograph;line-height:131%\"><span style=\"font-size:15px;line-height:131%;font-family:&#39;Times New Roman&#39;,&#39;serif&#39;;color:#333333\">4.</span><span style=\"font-size:15px;line-height:131%;font-family: 宋体;color:#333333\">社会因素： 如地区、种族、习俗、环境、职业以及公众和政府对酒的态度等，对酒精依赖的发生肯定是有影响的。从经常性饮酒发展到酒精依赖大约要经过</span><span style=\"font-size:15px;line-height:131%;font-family:&#39;Times New Roman&#39;,&#39;serif&#39;;color:#333333\">10</span><span style=\"font-size:15px;line-height:131%;font-family: 宋体;color:#333333\">～</span><span style=\"font-size:15px;line-height:131%;font-family: &#39;Times New Roman&#39;,&#39;serif&#39;;color:#333333\">20</span><span style=\"font-size:15px;line-height:131%;font-family:宋体;color:#333333\">年。</span></p><p style=\"margin-top:0;margin-right:9px;margin-bottom:0;margin-left:2px;margin-bottom:0;text-align:justify;text-justify:inter-ideograph;line-height:131%\"><a name=\"page2\"></a><span style=\"font-size:15px;line-height:131%;font-family:&#39;Times New Roman&#39;,&#39;serif&#39;;color:#333333\">3.</span><span style=\"font-size:15px;line-height:131%;font-family:宋体;color:#333333\">长期饮用酒精可引起中枢神经系统中毒，慢性酒中毒主要发病机理是大脑皮层接通功能减弱，病理改变是神经细胞的炎性改变，严重者出现脑萎缩，并可导致其他脏器的病理改变。认知功能损害的可能机制为：</span></p><p style=\"margin-top:0;margin-right:9px;margin-bottom:0;margin-left:2px;margin-bottom:0;text-align:justify;text-justify:inter-ideograph;line-height:131%\"><span style=\"font-size:15px;line-height:131%;font-family:&#39;Times New Roman&#39;,&#39;serif&#39;;color:#333333\">3.1</span><span style=\"font-size:15px;line-height:131%;font-family: 宋体;color:#333333\">酒精对神经细胞(尤其是细胞膜)的直接作用。</span></p><p style=\"margin-top:0;margin-right:9px;margin-bottom:0;margin-left:2px;margin-bottom:0;text-align:justify;text-justify:inter-ideograph;line-height:131%\"><span style=\"font-size:15px;line-height:131%;font-family:&#39;Times New Roman&#39;,&#39;serif&#39;;color:#333333\">3.2</span><span style=\"font-size:15px;line-height:131%;font-family: 宋体;color:#333333\">酒精对神经递质、受体及第二信使系统的作用。</span></p><p style=\"margin-top:0;margin-right:9px;margin-bottom:0;margin-left:2px;margin-bottom:0;text-align:justify;text-justify:inter-ideograph;line-height:131%\"><span style=\"font-size:15px;line-height:131%;font-family:&#39;Times New Roman&#39;,&#39;serif&#39;;color:#333333\">3.3</span><span style=\"font-size:15px;line-height:131%;font-family: 宋体;color:#333333\">产生维生素(主要是维生素B、维生素B、烟酸)缺乏。</span></p><p style=\"margin-top:0;margin-right:9px;margin-bottom:0;margin-left:2px;margin-bottom:0;text-align:justify;text-justify:inter-ideograph;line-height:131%\"><span style=\"font-size:15px;line-height:131%;font-family:&#39;Times New Roman&#39;,&#39;serif&#39;;color:#333333\">3.4</span><span style=\"font-size:15px;line-height:131%;font-family: 宋体;color:#333333\">与酗酒相关的代谢性</span><span style=\"font-size:15px;line-height:131%;font-family:宋体;color:#333333\">改变</span><span style=\"font-size:15px;line-height:131%;font-family:宋体;color:#333333\">。</span></p><p style=\"margin-top:0;margin-right:9px;margin-bottom:0;margin-left:2px;margin-bottom:0;text-align:justify;text-justify:inter-ideograph;line-height:131%\"><span style=\"font-size:15px;line-height:131%;font-family:&#39;Times New Roman&#39;,&#39;serif&#39;;color:#333333\">3.5</span><span style=\"font-size:15px;line-height:131%;font-family: 宋体;color:#333333\">长期饮酒使脑血流减少。</span></p><p><span style=\"font-size:15px;font-family: &#39;Times New Roman&#39;,&#39;serif&#39;;color:#333333\">3.6</span><span style=\"font-size:15px;font-family:宋体;color:#333333\">酒依赖对其他器官的损害(如肝病)间接影响中枢神经系统。</span></p><table cellspacing=\"0\" cellpadding=\"0\"><tbody><tr style=\";height:28px\" class=\"firstRow\"><td width=\"86\" valign=\"bottom\" style=\"border-top: none; border-right: none; border-left: none; border-bottom-width: 1px; border-bottom-color: windowtext; background: rgb(102, 102, 102); padding: 0px;\" height=\"28\"><p style=\"margin-left:32px;line-height:17px\"><strong><span style=\"font-size:15px;font-family:宋体;color:white\">位点</span></strong></p></td><td width=\"6\" valign=\"bottom\" style=\"border-top: none; border-right: none; border-left: none; border-bottom-width: 1px; border-bottom-color: windowtext; padding: 0px;\" height=\"28\"><br/></td><td width=\"114\" valign=\"bottom\" style=\"border-top: none; border-right: none; border-left: none; border-bottom-width: 1px; border-bottom-color: windowtext; background: rgb(102, 102, 102); padding: 0px;\" height=\"28\"><p style=\"text-align:center;line-height:17px\"><strong><span style=\"font-size:15px;font-family:宋体;color:white\">评价</span></strong></p></td><td width=\"6\" valign=\"bottom\" style=\"border-top: none; border-right: none; border-left: none; border-bottom-width: 1px; border-bottom-color: windowtext; padding: 0px;\" height=\"28\"><br/></td><td width=\"74\" valign=\"bottom\" style=\"border-top: none; border-right: none; border-left: none; border-bottom-width: 1px; border-bottom-color: windowtext; background: rgb(102, 102, 102); padding: 0px;\" height=\"28\"><p style=\"text-align:center;line-height:17px\"><strong><span style=\"font-size:15px;font-family:宋体;color:white\">研究价值</span></strong></p></td><td width=\"6\" valign=\"bottom\" style=\"border-top: none; border-right: none; border-left: none; border-bottom-width: 1px; border-bottom-color: windowtext; padding: 0px;\" height=\"28\"><br/></td><td width=\"88\" valign=\"bottom\" style=\"border-top: none; border-right: none; border-left: none; border-bottom-width: 1px; border-bottom-color: windowtext; background: rgb(102, 102, 102); padding: 0px;\" height=\"28\"><p style=\"text-align:center;line-height:17px\"><strong><span style=\"font-size:15px;font-family:宋体;color:white\">基因型</span></strong></p></td><td width=\"6\" valign=\"bottom\" style=\"border-top: none; border-right: none; border-left: none; border-bottom-width: 1px; border-bottom-color: windowtext; padding: 0px;\" height=\"28\"><br/></td><td width=\"257\" valign=\"bottom\" style=\"border-top: none; border-right: none; border-left: none; border-bottom-width: 1px; border-bottom-color: windowtext; background: rgb(102, 102, 102); padding: 0px;\" height=\"28\"><p style=\"margin-left:133px;line-height:17px\"><strong><span style=\"font-size:15px;font-family:宋体;color:white\">结果</span></strong></p></td></tr><tr style=\";height:26px\"><td width=\"86\" valign=\"bottom\" style=\"border-top: none; border-right: none; border-left: none; border-bottom-width: 1px; border-bottom-color: windowtext; padding: 0px;\" height=\"26\"><p style=\"margin-left:5px\"><span style=\"font-size:15px;font-family:   &#39;Arial&#39;,&#39;sans-serif&#39;;color:#333333\">RS671</span></p></td><td width=\"6\" valign=\"bottom\" style=\"border-top: none; border-right: none; border-left: none; border-bottom-width: 1px; border-bottom-color: windowtext; padding: 0px;\" height=\"26\"><br/></td><td width=\"114\" valign=\"bottom\" style=\"border-top: none; border-right: none; border-left: none; border-bottom-width: 1px; border-bottom-color: windowtext; padding: 0px;\" height=\"26\"><p style=\"text-align:center\"><span style=\"font-size:15px;font-family:&#39;Arial&#39;,&#39;sans-serif&#39;;color:#333333\">GOOD</span></p></td><td width=\"6\" valign=\"bottom\" style=\"border-top: none; border-right: none; border-left: none; border-bottom-width: 1px; border-bottom-color: windowtext; padding: 0px;\" height=\"26\"><br/></td><td width=\"74\" valign=\"bottom\" style=\"border-top: none; border-right: none; border-left: none; border-bottom-width: 1px; border-bottom-color: windowtext; padding: 0px;\" height=\"26\"><p style=\"text-align:center\"><span style=\"font-size:15px;font-family:&#39;Arial&#39;,&#39;sans-serif&#39;;color:#333333\">3.50</span></p></td><td width=\"6\" valign=\"bottom\" style=\"border-top: none; border-right: none; border-left: none; border-bottom-width: 1px; border-bottom-color: windowtext; padding: 0px;\" height=\"26\"><br/></td><td width=\"88\" valign=\"bottom\" style=\"border-top: none; border-right: none; border-left: none; border-bottom-width: 1px; border-bottom-color: windowtext; padding: 0px;\" height=\"26\"><p style=\"text-align:center\"><span style=\"font-size:15px;font-family:&#39;Arial&#39;,&#39;sans-serif&#39;;color:#333333\">AG</span></p></td><td width=\"6\" valign=\"bottom\" style=\"border-top: none; border-right: none; border-left: none; border-bottom-width: 1px; border-bottom-color: windowtext; padding: 0px;\" height=\"26\"><br/></td><td width=\"257\" valign=\"bottom\" style=\"border-top: none; border-right: none; border-left: none; border-bottom-width: 1px; border-bottom-color: windowtext; padding: 0px;\" height=\"26\"><p style=\"margin-left:5px;line-height:17px\"><span style=\"font-size:15px;font-family:   宋体;color:#333333\">酒精依赖性偏低</span></p></td></tr><tr style=\";height:24px\"><td width=\"86\" valign=\"bottom\" style=\"border-top: none; border-right: none; border-left: none; border-bottom-width: 1px; border-bottom-color: windowtext; padding: 0px;\" height=\"24\"><p style=\"margin-left:5px\"><span style=\"font-size:15px;font-family:   &#39;Arial&#39;,&#39;sans-serif&#39;;color:#333333\">RS1800497</span></p></td><td width=\"6\" valign=\"bottom\" style=\"border-top: none; border-right: none; border-left: none; border-bottom-width: 1px; border-bottom-color: windowtext; padding: 0px;\" height=\"24\"><br/></td><td width=\"114\" valign=\"bottom\" style=\"border-top: none; border-right: none; border-left: none; border-bottom-width: 1px; border-bottom-color: windowtext; padding: 0px;\" height=\"24\"><p style=\"text-align:center\"><span style=\"font-size:15px;font-family:&#39;Arial&#39;,&#39;sans-serif&#39;;color:#333333\">BAD</span></p></td><td width=\"6\" valign=\"bottom\" style=\"border-top: none; border-right: none; border-left: none; border-bottom-width: 1px; border-bottom-color: windowtext; padding: 0px;\" height=\"24\"><br/></td><td width=\"74\" valign=\"bottom\" style=\"border-top: none; border-right: none; border-left: none; border-bottom-width: 1px; border-bottom-color: windowtext; padding: 0px;\" height=\"24\"><p style=\"text-align:center\"><span style=\"font-size:15px;font-family:&#39;Arial&#39;,&#39;sans-serif&#39;;color:#333333\">2.50</span></p></td><td width=\"6\" valign=\"bottom\" style=\"border-top: none; border-right: none; border-left: none; border-bottom-width: 1px; border-bottom-color: windowtext; padding: 0px;\" height=\"24\"><br/></td><td width=\"88\" valign=\"bottom\" style=\"border-top: none; border-right: none; border-left: none; border-bottom-width: 1px; border-bottom-color: windowtext; padding: 0px;\" height=\"24\"><p style=\"text-align:center\"><span style=\"font-size:15px;font-family:&#39;Arial&#39;,&#39;sans-serif&#39;;color:#333333\">CT</span></p></td><td width=\"6\" valign=\"bottom\" style=\"border-top: none; border-right: none; border-left: none; border-bottom-width: 1px; border-bottom-color: windowtext; padding: 0px;\" height=\"24\"><br/></td><td width=\"257\" valign=\"bottom\" style=\"border-top: none; border-right: none; border-left: none; border-bottom-width: 1px; border-bottom-color: windowtext; padding: 0px;\" height=\"24\"><p style=\"margin-left:5px;line-height:17px\"><span style=\"font-size:15px;font-family:   宋体;color:#333333\">酒精依赖性偏高</span></p></td></tr><tr style=\";height:24px\"><td width=\"86\" valign=\"bottom\" style=\"border-top: none; border-right: none; border-left: none; border-bottom-width: 1px; border-bottom-color: windowtext; padding: 0px;\" height=\"24\"><p style=\"margin-left:5px\"><span style=\"font-size:15px;font-family:   &#39;Arial&#39;,&#39;sans-serif&#39;;color:#333333\">RS27072</span></p></td><td width=\"6\" valign=\"bottom\" style=\"border-top: none; border-right: none; border-left: none; border-bottom-width: 1px; border-bottom-color: windowtext; padding: 0px;\" height=\"24\"><br/></td><td width=\"114\" valign=\"bottom\" style=\"border-top: none; border-right: none; border-left: none; border-bottom-width: 1px; border-bottom-color: windowtext; padding: 0px;\" height=\"24\"><p style=\"text-align:center\"><span style=\"font-size:15px;font-family:&#39;Arial&#39;,&#39;sans-serif&#39;;color:#333333\">GOOD</span></p></td><td width=\"6\" valign=\"bottom\" style=\"border-top: none; border-right: none; border-left: none; border-bottom-width: 1px; border-bottom-color: windowtext; padding: 0px;\" height=\"24\"><br/></td><td width=\"74\" valign=\"bottom\" style=\"border-top: none; border-right: none; border-left: none; border-bottom-width: 1px; border-bottom-color: windowtext; padding: 0px;\" height=\"24\"><p style=\"text-align:center\"><span style=\"font-size:15px;font-family:&#39;Arial&#39;,&#39;sans-serif&#39;;color:#333333\">1.90</span></p></td><td width=\"6\" valign=\"bottom\" style=\"border-top: none; border-right: none; border-left: none; border-bottom-width: 1px; border-bottom-color: windowtext; padding: 0px;\" height=\"24\"><br/></td><td width=\"88\" valign=\"bottom\" style=\"border-top: none; border-right: none; border-left: none; border-bottom-width: 1px; border-bottom-color: windowtext; padding: 0px;\" height=\"24\"><p style=\"text-align:center\"><span style=\"font-size:15px;font-family:&#39;Arial&#39;,&#39;sans-serif&#39;;color:#333333\">CT</span></p></td><td width=\"6\" valign=\"bottom\" style=\"border-top: none; border-right: none; border-left: none; border-bottom-width: 1px; border-bottom-color: windowtext; padding: 0px;\" height=\"24\"><br/></td><td width=\"257\" valign=\"bottom\" style=\"border-top: none; border-right: none; border-left: none; border-bottom-width: 1px; border-bottom-color: windowtext; padding: 0px;\" height=\"24\"><p style=\"margin-left:5px;line-height:17px\"><span style=\"font-size:15px;font-family:   宋体;color:#333333\">酒精依赖性正常</span></p></td></tr><tr style=\";height:24px\"><td width=\"86\" valign=\"bottom\" style=\"border-top: none; border-right: none; border-left: none; border-bottom-width: 1px; border-bottom-color: windowtext; padding: 0px;\" height=\"24\"><p style=\"margin-left:5px\"><span style=\"font-size:15px;font-family:   &#39;Arial&#39;,&#39;sans-serif&#39;;color:#333333\">RS7590720</span></p></td><td width=\"6\" valign=\"bottom\" style=\"border-top: none; border-right: none; border-left: none; border-bottom-width: 1px; border-bottom-color: windowtext; padding: 0px;\" height=\"24\"><br/></td><td width=\"114\" valign=\"bottom\" style=\"border-top: none; border-right: none; border-left: none; border-bottom-width: 1px; border-bottom-color: windowtext; padding: 0px;\" height=\"24\"><p style=\"text-align:center\"><span style=\"font-size:15px;font-family:&#39;Arial&#39;,&#39;sans-serif&#39;;color:#333333\">GOOD</span></p></td><td width=\"6\" valign=\"bottom\" style=\"border-top: none; border-right: none; border-left: none; border-bottom-width: 1px; border-bottom-color: windowtext; padding: 0px;\" height=\"24\"><br/></td><td width=\"74\" valign=\"bottom\" style=\"border-top: none; border-right: none; border-left: none; border-bottom-width: 1px; border-bottom-color: windowtext; padding: 0px;\" height=\"24\"><p style=\"text-align:center\"><span style=\"font-size:15px;font-family:&#39;Arial&#39;,&#39;sans-serif&#39;;color:#333333\">0.00</span></p></td><td width=\"6\" valign=\"bottom\" style=\"border-top: none; border-right: none; border-left: none; border-bottom-width: 1px; border-bottom-color: windowtext; padding: 0px;\" height=\"24\"><br/></td><td width=\"88\" valign=\"bottom\" style=\"border-top: none; border-right: none; border-left: none; border-bottom-width: 1px; border-bottom-color: windowtext; padding: 0px;\" height=\"24\"><p style=\"text-align:center\"><span style=\"font-size:15px;font-family:&#39;Arial&#39;,&#39;sans-serif&#39;;color:#333333\">AA</span></p></td><td width=\"6\" valign=\"bottom\" style=\"border-top: none; border-right: none; border-left: none; border-bottom-width: 1px; border-bottom-color: windowtext; padding: 0px;\" height=\"24\"><br/></td><td width=\"257\" valign=\"bottom\" style=\"border-top: none; border-right: none; border-left: none; border-bottom-width: 1px; border-bottom-color: windowtext; padding: 0px;\" height=\"24\"><p style=\"margin-left:5px;line-height:17px\"><span style=\"font-size:15px;font-family:   宋体;color:#333333\">酒精依赖的可能性正常</span></p></td></tr></tbody></table><p><br/></p>', '1', '9000');
INSERT INTO `bingli` VALUES ('14', '2', '剥脱性青光眼', '<p style=\"margin-top:0;margin-right:9px;margin-bottom:0;margin-left:2px;margin-bottom:0;text-align:justify;text-justify:inter-ideograph;line-height:131%\"><span style=\"font-size:15px;line-height:131%;font-family:宋体;color:#333333\">剥脱性青光眼又被人们称为囊性青光眼。临床特点为晶体前囊改变比较典型，除有着虹膜萎缩及灰白色碎屑在瞳孔缘沉着外，小梁网色素增加，瞳孔缘的色素花边有缺失，角膜后有白色半透明碎片附着及晶体前囊有毛玻璃样改变等，以上都是剥脱性</span> <span style=\"font-size:15px;line-height:131%;font-family:宋体;color:#333333\">青光眼的早期临床改变。</span></p><p style=\"margin-top:0;margin-right:9px;margin-bottom:0;margin-left:2px;margin-bottom:0;text-align:justify;text-justify:inter-ideograph;line-height:131%\"><span style=\"font-size:15px;line-height:131%;font-family:宋体;color:#333333\">剥脱性青光眼的主要体征有：</span></p><p style=\"margin-top:0;margin-right:9px;margin-bottom:0;margin-left:2px;margin-bottom:0;text-align:justify;text-justify:inter-ideograph;line-height:131%\"><span style=\"font-size:15px;line-height:131%;font-family:宋体;color:#333333\">青光眼性的体征：眼压升高、视野缺损、</span> <span style=\"font-size:15px;line-height:131%;font-family:宋体;color:#333333\">视杯扩大。</span></p><p style=\"margin-top:0;margin-right:9px;margin-bottom:0;margin-left:2px;margin-bottom:0;text-align:justify;text-justify:inter-ideograph;line-height:131%\"><span style=\"font-size:15px;line-height:131%;font-family:宋体;color:#333333\">透照瞳孔周边虹膜呈缺损状态。</span></p><p style=\"margin-top:0;margin-right:9px;margin-bottom:0;margin-left:2px;margin-bottom:0;text-align:justify;text-justify:inter-ideograph;line-height:131%\"><span style=\"font-size:15px;line-height:131%;font-family:宋体;color:#333333\">晶状体前囊表面被分成三个区域，周边区呈云雾状，中间区透明，中央区的剥脱物带有卷边。</span></p><p style=\"margin-top:0;margin-right:9px;margin-bottom:0;margin-left:2px;margin-bottom:0;text-align:justify;text-justify:inter-ideograph;line-height:131%\"><span style=\"font-size:15px;line-height:131%;font-family:宋体;color:#333333\">白色斑片状碎屑在瞳孔缘沉着。</span></p><p style=\"margin-top:0;margin-right:9px;margin-bottom:0;margin-left:2px;margin-bottom:0;text-align:justify;text-justify:inter-ideograph;line-height:131%\"><span style=\"font-size:15px;line-height:131%;font-family:宋体;color:#333333\">上述体征双眼不对称。</span></p><p><span style=\"font-size:15px;font-family:宋体;color:#333333\">其他体征</span><span style=\"font-size:15px;font-family:&#39;Times New Roman&#39;,&#39;serif&#39;;color:#333333\">: </span><span style=\"font-size:15px;font-family:宋体;color:#333333\">在小梁网尤其是下方有着不规则的黑色素沉着。通过前房角镜可见</span><span style=\"font-size: 15px;font-family:&#39;Times New Roman&#39;,&#39;serif&#39;;color:#333333\"> Schwalbe</span><span style=\"font-size:15px;font-family:宋体;color:#333333\">线前的色素</span><span style=\"font-size:15px;font-family:&#39;Times New Roman&#39;,&#39;serif&#39;;color:#333333\">,</span><span style=\"font-size:15px;font-family:宋体;color:#333333\">在下方更加明显。常有不对称的双侧发病特点</span><span style=\"font-size:15px;font-family:&#39;Times New Roman&#39;,&#39;serif&#39;;color:#333333\">,</span><span style=\"font-size:15px;font-family:宋体;color:#333333\">应用散瞳剂效果不明显。</span></p><p style=\"line-height:99%\"><strong><span style=\"font-size:17px;line-height:99%;font-family: 宋体;color:#333333\">患病率</span></strong></p><p style=\"line-height:19px\"><span style=\"font-family:&#39;Times New Roman&#39;,&#39;serif&#39;\">&nbsp;</span></p><p style=\"margin-top:0;margin-right:9px;margin-bottom:0;margin-left:2px;margin-bottom:0;text-align:justify;text-justify:inter-ideograph;line-height:131%\"><span style=\"font-size:15px;line-height:131%;font-family:宋体;color:#333333\">每十万人发病率：</span><span style=\"font-size:15px;line-height:131%;font-family:&#39;Times New Roman&#39;,&#39;serif&#39;;color:#333333\">1000/10</span><span style=\"font-size:15px;line-height:131%;font-family:宋体;color:#333333\">万人</span></p><p style=\"margin-top:0;margin-right:9px;margin-bottom:0;margin-left:2px;margin-bottom:0;text-align:justify;text-justify:inter-ideograph;line-height:131%\"><span style=\"font-size:15px;line-height:131%;font-family:宋体;color:#333333\">在我们国家剥脱性青光眼的发病率较低，根据文献资料研究表明，发病率和年龄正相关。本病男性患病率高于女性，发病率随年龄增长而呈增多趋势。总人群发病率为</span><span style=\"font-size:15px;line-height:131%;font-family:&#39;Times New Roman&#39;,&#39;serif&#39;;color:#333333\">1000/10</span><span style=\"font-size:15px;line-height:131%;font-family: 宋体;color:#333333\">万人，</span><span style=\"font-size:15px;line-height:131%;font-family:&#39;Times New Roman&#39;,&#39;serif&#39;;color:#333333\">45</span><span style=\"font-size:15px;line-height:131%;font-family: 宋体;color:#333333\">岁以后为</span><span style=\"font-size:15px;line-height:131%;font-family:&#39;Times New Roman&#39;,&#39;serif&#39;;color:#333333\">2000/10</span><span style=\"font-size:15px;line-height:131%;font-family: 宋体;color:#333333\">万人。</span></p><p style=\"line-height:99%\"><strong><span style=\"font-size:17px;line-height:99%;font-family: 宋体;color:#333333\">致病原因</span></strong></p><p style=\"line-height:19px\"><span style=\"font-family:&#39;Times New Roman&#39;,&#39;serif&#39;\">&nbsp;</span></p><p style=\"margin-top:0;margin-right:9px;margin-bottom:0;margin-left:2px;margin-bottom:0;text-align:justify;text-justify:inter-ideograph;line-height:131%\"><span style=\"font-size:15px;line-height:131%;font-family:宋体;color:#333333\">关于剥脱性青光眼的发病机制尚不十分清楚</span><span style=\"font-size: 15px;line-height:131%;font-family:&#39;Times New Roman&#39;,&#39;serif&#39;;color:#333333\">, </span><span style=\"font-size:15px;line-height:131%;font-family:宋体;color:#333333\">目前认为剥脱物质可能由于衰老的内皮细胞丧失了与基底膜合成的能力从而脱落。部分学者认为剥脱性青光眼是一种继发性开角型青光眼。研究显示，原发性开角型青光眼是以临管区斑块物质增加及小梁网细胞结构改变为特征，而剥脱性青光眼与正常人相比无结构方面的差异，仅存在剥脱物质的积蓄。因此他们的发病机制是不同的，治疗手段的需求亦不相同。</span></p><p><br/></p>', '1', '1000');
INSERT INTO `bingli` VALUES ('15', '3', '过敏性鼻炎', '<p style=\"margin-top:0;margin-right:9px;margin-bottom:0;margin-left:2px;margin-bottom:0;text-align:justify;text-justify:inter-ideograph;line-height:131%\"><span style=\"font-size:15px;line-height:131%;font-family:宋体;color:#333333\">过敏性鼻炎即变应性鼻炎，是耳鼻咽喉科常见的呼吸道变应性疾病，根据发病时间是否持续和固定，分为常年性变应性鼻炎和季节性变应性鼻炎（又称花粉症）。</span><span style=\"font-size:15px;line-height:131%;font-family:&#39;Times New Roman&#39;,&#39;serif&#39;;color:#333333\">2001</span><span style=\"font-size:15px;line-height:131%;font-family: 宋体;color:#333333\">年，世界卫生组织（</span><span style=\"font-size:15px;line-height:131%;font-family:&#39;Times New Roman&#39;,&#39;serif&#39;;color:#333333\"> WHO </span><span style=\"font-size:15px;line-height:131%;font-family: 宋体;color:#333333\">）</span><span style=\"font-size:15px;line-height:131%;font-family: &#39;Times New Roman&#39;,&#39;serif&#39;;color:#333333\">Bousquet </span><span style=\"font-size:15px;line-height:131%;font-family: 宋体;color:#333333\">等合作撰写的</span><span style=\"font-size:15px;line-height:131%;font-family:&#39;Times New Roman&#39;,&#39;serif&#39;;color:#333333\">“</span><span style=\"font-size:15px;line-height:131%;font-family: 宋体;color:#333333\">变应性鼻炎与哮喘的影响</span><span style=\"font-size:15px;line-height:131%;font-family:&#39;Times New Roman&#39;,&#39;serif&#39;;color:#333333\">”</span><span style=\"font-size:15px;line-height:131%;font-family: 宋体;color:#333333\">，从症状的持续时间和严重程度两个方面对过敏性鼻炎进行分型</span><span style=\"font-size:15px;line-height:131%;font-family:&#39;Times New Roman&#39;,&#39;serif&#39;;color:#333333\">: </span><span style=\"font-size:15px;line-height:131%;font-family: 宋体;color:#333333\">间歇性和持续性</span><span style=\"font-size:15px;line-height:131%;font-family:&#39;Times New Roman&#39;,&#39;serif&#39;;color:#333333\">;</span><span style=\"font-size:15px;line-height:131%;font-family: 宋体;color:#333333\">轻度和中重度。过敏性鼻炎可导致睡眠紊乱、食欲减退、全身乏力、疲劳、情绪失调、注意力减退和学习障碍。</span><span style=\"font-size:15px;line-height:131%;font-family:&#39;Times New Roman&#39;,&#39;serif&#39;;color:#333333\"> 1. </span><span style=\"font-size:15px;line-height:131%;font-family: 宋体;color:#333333\">临床表现变应性鼻炎的典型症状主要是阵发性喷嚏、清水样鼻涕、鼻塞和鼻痒。部分伴有嗅觉减退。</span></p><p style=\"margin-top:0;margin-right:9px;margin-bottom:0;margin-left:2px;margin-bottom:0;text-align:justify;text-justify:inter-ideograph;line-height:131%\"><span style=\"font-size:15px;line-height:131%;font-family:&#39;Times New Roman&#39;,&#39;serif&#39;;color:#333333\">1.1</span><span style=\"font-size:15px;line-height:131%;font-family: 宋体;color:#333333\">喷嚏，每天数次阵发性发作，每次多于</span><span style=\"font-size:15px;line-height:131%;font-family:&#39;Times New Roman&#39;,&#39;serif&#39;;color:#333333\">3</span><span style=\"font-size:15px;line-height:131%;font-family: 宋体;color:#333333\">个，多在晨起或者夜晚或接触过敏原后立刻发作。</span></p><p style=\"margin-top:0;margin-right:9px;margin-bottom:0;margin-left:2px;margin-bottom:0;text-align:justify;text-justify:inter-ideograph;line-height:131%\"><span style=\"font-size:15px;line-height:131%;font-family:&#39;Times New Roman&#39;,&#39;serif&#39;;color:#333333\">1.2</span><span style=\"font-size:15px;line-height:131%;font-family: 宋体;color:#333333\">清涕，大量清水样鼻涕，有时可不自觉从鼻孔滴下。</span></p><p style=\"margin-top:0;margin-right:9px;margin-bottom:0;margin-left:2px;margin-bottom:0;text-align:justify;text-justify:inter-ideograph;line-height:131%\"><span style=\"font-size:15px;line-height:131%;font-family:&#39;Times New Roman&#39;,&#39;serif&#39;;color:#333333\">1.3</span><span style=\"font-size:15px;line-height:131%;font-family: 宋体;color:#333333\">鼻塞，间歇或持续，单侧或双侧，轻重程度不一。</span></p><p><span style=\"font-size:15px;font-family: &#39;Times New Roman&#39;,&#39;serif&#39;;color:#333333\">1.4</span><span style=\"font-size:15px;font-family:宋体;color:#333333\">鼻痒，大多数患者鼻内发痒，花粉症患者可伴眼痒、耳痒和咽痒。</span></p><p style=\"line-height:99%\"><strong><span style=\"font-size:17px;line-height:99%;font-family: 宋体;color:#333333\">患病率</span></strong></p><p style=\"line-height:19px\"><span style=\"font-family:&#39;Times New Roman&#39;,&#39;serif&#39;\">&nbsp;&nbsp;&nbsp;&nbsp;&nbsp;&nbsp;&nbsp;&nbsp;&nbsp;&nbsp;&nbsp;&nbsp;&nbsp;&nbsp;&nbsp;&nbsp;&nbsp;&nbsp;&nbsp; </span></p><p style=\"margin-top:0;margin-right:9px;margin-bottom:0;margin-left:2px;margin-bottom:0;text-align:justify;text-justify:inter-ideograph;line-height:131%\"><span style=\"font-size:15px;line-height:131%;font-family:宋体;color:#333333\">世界卫生组织通过一项全球范围的调查发现，鼻炎的发病率高的惊人，每</span><span style=\"font-size:15px;line-height:131%;font-family: &#39;Times New Roman&#39;,&#39;serif&#39;;color:#333333\">10</span><span style=\"font-size:15px;line-height:131%;font-family:宋体;color:#333333\">个人当中就有大多数人患有不同程度的鼻炎，发病率已超过</span><span style=\"font-size:15px;line-height:131%;font-family:&#39;Times New Roman&#39;,&#39;serif&#39;;color:#333333\">10%</span><span style=\"font-size:15px;line-height:131%;font-family: 宋体;color:#333333\">。特别是近十年来，鼻炎的发病率更是以每年</span><span style=\"font-size:15px;line-height:131%;font-family:&#39;Times New Roman&#39;,&#39;serif&#39;;color:#333333\"> 3%~5%</span><span style=\"font-size:15px;line-height:131%;font-family: 宋体;color:#333333\">的速度增加。</span></p><p style=\"line-height:99%\"><strong><span style=\"font-size:17px;line-height:99%;font-family: 宋体;color:#333333\">致病原因</span></strong></p><p style=\"margin-top:0;margin-right:9px;margin-bottom:0;margin-left:2px;margin-bottom:0;text-align:justify;text-justify:inter-ideograph;line-height:131%\"><span style=\"font-size:15px;line-height:131%;font-family:&#39;Times New Roman&#39;,&#39;serif&#39;;color:#333333\">&nbsp;</span></p><p style=\"margin-top:0;margin-right:9px;margin-bottom:0;margin-left:2px;margin-bottom:0;text-align:justify;text-justify:inter-ideograph;line-height:131%\"><span style=\"font-size:15px;line-height:131%;font-family:宋体;color:#333333\">造成过敏性鼻炎的发病因素比较复杂，遗传、种族</span> <span style=\"font-size:15px;line-height:131%;font-family:宋体;color:#333333\">、变应原</span> <span style=\"font-size:15px;line-height:131%;font-family: 宋体;color:#333333\">、空气污染物</span> <span style=\"font-size:15px;line-height:131%;font-family:宋体;color:#333333\">、生活</span> <span style=\"font-size:15px;line-height:131%;font-family:宋体;color:#333333\">方式和饮食习惯的改变、刺激性的物质（如吸烟等）接触机会的增加、生活压力增加等都有可能是变态反应性疾病增加的原因，其相关因素还有待进一步探索。</span></p><p style=\"margin-top:0;margin-right:9px;margin-bottom:0;margin-left:2px;margin-bottom:0;text-align:justify;text-justify:inter-ideograph;line-height:131%\"><span style=\"font-size:15px;line-height:131%;font-family:&#39;Times New Roman&#39;,&#39;serif&#39;;color:#333333\">1. </span><span style=\"font-size:15px;line-height: 131%;font-family:宋体;color:#333333\">遗传学与种族</span></p><p style=\"margin-top:0;margin-right:9px;margin-bottom:0;margin-left:2px;margin-bottom:0;text-align:justify;text-justify:inter-ideograph;line-height:131%\"><span style=\"font-size:15px;line-height:131%;font-family:宋体;color:#333333\">许多研究表明，变应性鼻炎与特应性个体有密切的关系，且存在一定的遗传因素。根据伦敦的流行病学资料，有过敏性鼻炎家族史的族群有较高的盛行率；而瑞典的资料显示：有家族史群患过敏性鼻炎的危险性是无家族史的</span><span style=\"font-size:15px;line-height:131%;font-family:&#39;Times New Roman&#39;,&#39;serif&#39;;color:#333333\">3.9</span><span style=\"font-size:15px;line-height:131%;font-family: 宋体;color:#333333\">倍。孙艺渊指出特异反应性个体的遗传易患性与环境因素之间的相互作用是导致过敏性鼻炎发病增多的主要原因，遗传和环境因素共同影响了疾病的发生发展。以上事例均表明变应性鼻炎本身呈过敏体质，其发病的因素与遗传和环境有关，从而更好的支持变应性鼻炎是遗传和环境双重作用的结果。</span></p><p style=\"margin-top:0;margin-right:9px;margin-bottom:0;margin-left:2px;margin-bottom:0;text-align:justify;text-justify:inter-ideograph;line-height:131%\"><span style=\"font-size:15px;line-height:131%;font-family:&#39;Times New Roman&#39;,&#39;serif&#39;;color:#333333\">2. </span><span style=\"font-size:15px;line-height: 131%;font-family:宋体;color:#333333\">吸入性变应原</span></p><p style=\"margin-top:0;margin-right:9px;margin-bottom:0;margin-left:2px;margin-bottom:0;text-align:justify;text-justify:inter-ideograph;line-height:131%\"><span style=\"font-size:15px;line-height:131%;font-family:&#39;Times New Roman&#39;,&#39;serif&#39;;color:#333333\">2.1 </span><span style=\"font-size:15px;line-height: 131%;font-family:宋体;color:#333333\">尘螨</span></p><p style=\"margin-top:0;margin-right:9px;margin-bottom:0;margin-left:2px;margin-bottom:0;text-align:justify;text-justify:inter-ideograph;line-height:131%\"><span style=\"font-size:15px;line-height:131%;font-family:宋体;color:#333333\">是引起过敏性鼻炎的重要因素。尘螨普遍存在于人类居住和工作环境中是一种强烈的致敏原，可引起人体变态反应性疾病。螨变应原与酶活性有关，能够非特异性直接作用于呼吸道上皮，其中一些可增强</span><span style=\"font-size:15px;line-height:131%;font-family:&#39;Times New Roman&#39;,&#39;serif&#39;;color:#333333\">Th2</span><span style=\"font-size:15px;line-height:131%;font-family: 宋体;color:#333333\">细胞应答。</span></p><p style=\"margin-top:0;margin-right:9px;margin-bottom:0;margin-left:2px;margin-bottom:0;text-align:justify;text-justify:inter-ideograph;line-height:131%\"><span style=\"font-size:15px;line-height:131%;font-family:&#39;Times New Roman&#39;,&#39;serif&#39;;color:#333333\">&nbsp;2.2 </span><span style=\"font-size:15px;line-height:131%;font-family:宋体;color:#333333\">动物皮屑在过去</span><span style=\"font-size:15px;line-height:131%;font-family: &#39;Times New Roman&#39;,&#39;serif&#39;;color:#333333\">30</span><span style=\"font-size:15px;line-height:131%;font-family:宋体;color:#333333\">年里，家畜的数量及品种增加了很多，以狗和猫的数量最多。这些动物的皮屑及分泌物携带或含有引起变应性反应的强烈致敏原，可通过空气传播，空气中停留时间很长，这些都是导致过敏性鼻炎的重要因素。</span></p><p style=\"margin-top:0;margin-right:9px;margin-bottom:0;margin-left:2px;margin-bottom:0;text-align:justify;text-justify:inter-ideograph;line-height:131%\"><span style=\"font-size:15px;line-height:131%;font-family:&#39;Times New Roman&#39;,&#39;serif&#39;;color:#333333\">2.3 </span><span style=\"font-size:15px;line-height: 131%;font-family:宋体;color:#333333\">花粉症</span></p><p style=\"margin-top:0;margin-right:9px;margin-bottom:0;margin-left:2px;margin-bottom:0;text-align:justify;text-justify:inter-ideograph;line-height:131%\"><span style=\"font-size:15px;line-height:131%;font-family:宋体;color:#333333\">又称季节性鼻炎或枯草热，是敏感个体对花粉的一种超敏反应。在美国，每一百个人当中就有两个以上的人患花粉症。日本现有</span><span style=\"font-size:15px;line-height:131%;font-family:&#39;Times New Roman&#39;,&#39;serif&#39;;color:#333333\">1300</span><span style=\"font-size:15px;line-height:131%;font-family: 宋体;color:#333333\">万人饱受花粉症折磨，超过总人口的</span><span style=\"font-size:15px;line-height:131%;font-family:&#39;Times New Roman&#39;,&#39;serif&#39;;color:#333333\">10%</span><span style=\"font-size:15px;line-height:131%;font-family: 宋体;color:#333333\">。我国的发病率为</span><span style=\"font-size:15px;line-height:131%;font-family:&#39;Times New Roman&#39;,&#39;serif&#39;;color:#333333\">0. 5% ~ 1%</span><span style=\"font-size:15px;line-height:131%;font-family: 宋体;color:#333333\">，高发区达到</span><span style=\"font-size:15px;line-height:131%;font-family:&#39;Times New Roman&#39;,&#39;serif&#39;;color:#333333\">5%</span><span style=\"font-size:15px;line-height:131%;font-family: 宋体;color:#333333\">。花粉颗粒极及其微小，可在鼻孔里或在眼睛里沉积。其诱导的变应原是最典型</span><span style=\"font-size:15px;line-height:131%;font-family:&#39;Times New Roman&#39;,&#39;serif&#39;;color:#333333\"> IgE </span><span style=\"font-size:15px;line-height:131%;font-family: 宋体;color:#333333\">介导的变应性疾病。在花粉季节中鼻粘膜中的各种炎性细胞数量均有增加并且朗汉斯细胞的数量也在增加。</span></p><p style=\"line-height:1px\"><span style=\"font-size:15px;font-family:&#39;Arial&#39;,&#39;sans-serif&#39;;color:#333333\">&nbsp;</span></p><p style=\"margin-top:0;margin-right:9px;margin-bottom:0;margin-left:2px;margin-bottom:0;text-align:justify;text-justify:inter-ideograph;line-height:131%\"><span style=\"font-size:15px;line-height:131%;font-family:&#39;Times New Roman&#39;,&#39;serif&#39;;color:#333333\">3. </span><span style=\"font-size:15px;line-height: 131%;font-family:宋体;color:#333333\">食入性过敏原</span></p><p style=\"margin-top:0;margin-right:9px;margin-bottom:0;margin-left:2px;margin-bottom:0;text-align:justify;text-justify:inter-ideograph;line-height:131%\"><span style=\"font-size:15px;line-height:131%;font-family:宋体;color:#333333\">为</span><span style=\"font-size:15px;line-height:131%;font-family:&#39;Times New Roman&#39;,&#39;serif&#39;;color:#333333\"> IgE </span><span style=\"font-size:15px;line-height: 131%;font-family:宋体;color:#333333\">介导的食物不良反应，属于</span><span style=\"font-size:15px;line-height:131%;font-family:&#39;Times New Roman&#39;,&#39;serif&#39;;color:#333333\">I</span><span style=\"font-size:15px;line-height:131%;font-family: 宋体;color:#333333\">型变态反应。通常引起过敏反应的食物变应原有：鸡蛋、牛奶、鱼，海鲜、大豆、坚果、花生等。食物变态反应性鼻炎，不单独发作，患者存在其他器官受累时常常发生，通常发生在儿童，国内报道显示</span><span style=\"font-size:15px;line-height:131%;font-family:&#39;Times New Roman&#39;,&#39;serif&#39;;color:#333333\">0~24</span><span style=\"font-size:15px;line-height:131%;font-family: 宋体;color:#333333\">个月儿童食物过敏的患病率为</span><span style=\"font-size:15px;line-height:131%;font-family:&#39;Times New Roman&#39;,&#39;serif&#39;;color:#333333\">3.5%</span><span style=\"font-size:15px;line-height:131%;font-family: 宋体;color:#333333\">，上海地区儿童发生率</span><span style=\"font-size:15px;line-height:131%;font-family:&#39;Times New Roman&#39;,&#39;serif&#39;;color:#333333\"> 8.19%</span><span style=\"font-size:15px;line-height:131%;font-family: 宋体;color:#333333\">，而重庆地区为</span><span style=\"font-size:15px;line-height:131%;font-family:&#39;Times New Roman&#39;,&#39;serif&#39;;color:#333333\">5.2%</span><span style=\"font-size:15px;line-height:131%;font-family: 宋体;color:#333333\">。张春梅等通过血清</span><span style=\"font-size:15px;line-height:131%;font-family:&#39;Times New Roman&#39;,&#39;serif&#39;;color:#333333\"> sIgE </span><span style=\"font-size:15px;line-height:131%;font-family: 宋体;color:#333333\">检查，证实了</span><span style=\"font-size:15px;line-height:131%;font-family:&#39;Times New Roman&#39;,&#39;serif&#39;;color:#333333\">3 </span><span style=\"font-size:15px;line-height:131%;font-family: 宋体;color:#333333\">岁以下儿童食物过敏原以鸡蛋、牛奶为主。这主要是由于婴幼儿和儿童的免<a name=\"page6\"></a>疫系统未发育完全、屏障功能不全造成的。</span> </p><p style=\"margin-top:0;margin-right:9px;margin-bottom:0;margin-left:2px;margin-bottom:0;text-align:justify;text-justify:inter-ideograph;line-height:131%\"><span style=\"font-size:15px;line-height:131%;font-family:&#39;Times New Roman&#39;,&#39;serif&#39;;color:#333333\">4. </span><span style=\"font-size:15px;line-height: 131%;font-family:宋体;color:#333333\">环境与空气污染</span></p><p style=\"margin-top:0;margin-right:9px;margin-bottom:0;margin-left:2px;margin-bottom:0;text-align:justify;text-justify:inter-ideograph;line-height:131%\"><span style=\"font-size:15px;line-height:131%;font-family:宋体;color:#333333\">城市工业化的发展，使人群暴露，增多了变应原，从而导致过敏性鼻炎的发生率</span> <span style=\"font-size:15px;line-height:131%;font-family:宋体;color:#333333\">逐年增高。在我国，汽车尾气污染正在成为一个主要问题。尾气排放物中的颗粒成分可以使免疫反应转向产生，并加重变应性炎症。有研究提示在污染高峰期变应性鼻炎症状增加。在另一项研究中，居住在汽车交通拥堵地区的患者较之那些住在非拥堵地区者鼻炎及结膜炎的症状更加严重，空气污染是增加变应性鼻炎的发病的危险因素。</span></p><p style=\"margin-top:0;margin-right:9px;margin-bottom:0;margin-left:2px;margin-bottom:0;text-align:justify;text-justify:inter-ideograph;line-height:131%\"><span style=\"font-size:15px;line-height:131%;font-family:&#39;Times New Roman&#39;,&#39;serif&#39;;color:#333333\">5. </span><span style=\"font-size:15px;line-height: 131%;font-family:宋体;color:#333333\">生活习惯吸烟或被动吸烟可以引起鼻部对变应原的反应，并产生鼻炎症状。相关报道：吸烟人群中鼻变态反应症状的发生率多于不吸烟的人群。一项包括青少年的研究证实，吸烟增加了鼻粘膜炎的患病率，并在非特异性儿童的鼻粘膜引起嗜酸粒细胞性和</span><span style=\"font-size:15px;line-height:131%;font-family:&#39;Times New Roman&#39;,&#39;serif&#39;;color:#333333\">“</span><span style=\"font-size:15px;line-height:131%;font-family: 宋体;color:#333333\">类变态反应</span><span style=\"font-size:15px;line-height:131%;font-family:&#39;Times New Roman&#39;,&#39;serif&#39;;color:#333333\">”</span><span style=\"font-size:15px;line-height:131%;font-family: 宋体;color:#333333\">性炎症。据调查在特立尼达和多巴哥，家庭吸烟与学龄儿童鼻炎及哮喘症状有很强的相关性，对德国不同地区的</span><span style=\"font-size:15px;line-height:131%;font-family:&#39;Times New Roman&#39;,&#39;serif&#39;;color:#333333\">678</span><span style=\"font-size:15px;line-height:131%;font-family: 宋体;color:#333333\">名</span><span style=\"font-size:15px;line-height:131%;font-family: &#39;Times New Roman&#39;,&#39;serif&#39;;color:#333333\">5~6</span><span style=\"font-size:15px;line-height:131%;font-family:宋体;color:#333333\">岁的学龄前儿童调查结果表明，过敏性鼻炎患病率为</span><span style=\"font-size:15px;line-height:131%;font-family:&#39;Times New Roman&#39;,&#39;serif&#39;;color:#333333\">7.9%~15.5%</span><span style=\"font-size:15px;line-height:131%;font-family: 宋体;color:#333333\">，枯草热</span><span style=\"font-size:15px;line-height:131%;font-family:&#39;Times New Roman&#39;,&#39;serif&#39;;color:#333333\">4.1%~25.6</span><span style=\"font-size:15px;line-height:131%;font-family: 宋体;color:#333333\">，哮喘</span><span style=\"font-size:15px;line-height:131%;font-family:&#39;Times New Roman&#39;,&#39;serif&#39;;color:#333333\">3%~8.1%</span><span style=\"font-size:15px;line-height:131%;font-family: 宋体;color:#333333\">，他们的母亲有</span><span style=\"font-size:15px;line-height:131%;font-family:&#39;Times New Roman&#39;,&#39;serif&#39;;color:#333333\">12. 6% </span><span style=\"font-size:15px;line-height:131%;font-family: 宋体;color:#333333\">在妊娠和哺乳期吸烟。</span></p><p style=\"margin-top:0;margin-right:9px;margin-bottom:0;margin-left:2px;margin-bottom:0;text-align:justify;text-justify:inter-ideograph;line-height:131%\"><span style=\"font-size:15px;line-height:131%;font-family:&#39;Times New Roman&#39;,&#39;serif&#39;;color:#333333\">6. </span><span style=\"font-size:15px;line-height: 131%;font-family:宋体;color:#333333\">气候改变对变应原的影响气候改变可以影响气传变应原，特别是花粉和霉菌。在气候改变的情况下植物产生出大量的花粉，气温升高时或者生长在污染地区树木花粉的变应原性更强。因此</span><span style=\"font-size:15px;line-height:131%;font-family:&#39;Times New Roman&#39;,&#39;serif&#39;;color:#333333\">,</span><span style=\"font-size:15px;line-height:131%;font-family: 宋体;color:#333333\">气候改变被认为导致了变应性疾病的增加的一个重要原因。</span></p><p style=\"margin-top:0;margin-right:9px;margin-bottom:0;margin-left:2px;margin-bottom:0;text-align:justify;text-justify:inter-ideograph;line-height:131%\"><span style=\"font-size:15px;line-height:131%;font-family:&#39;Times New Roman&#39;,&#39;serif&#39;;color:#333333\">7. </span><span style=\"font-size:15px;line-height: 131%;font-family:宋体;color:#333333\">精神因素精神紧张、情绪不良和心理压力增大也可引起过敏发作。相关研究显示：精神紧张、悲观、失望可引起</span><span style=\"font-size:15px;line-height:131%;font-family:&#39;Times New Roman&#39;,&#39;serif&#39;;color:#333333\">T</span><span style=\"font-size:15px;line-height:131%;font-family: 宋体;color:#333333\">细胞功能缺陷，细胞介导性变态</span> <span style=\"font-size:15px;line-height:131%;font-family:宋体;color:#333333\">反应性缺乏，肥大细胞介质释放，</span><span style=\"font-size:15px;line-height:131%;font-family: &#39;Times New Roman&#39;,&#39;serif&#39;;color:#333333\">IgE</span><span style=\"font-size:15px;line-height:131%;font-family:宋体;color:#333333\">水平升高以及细胞膜受体反应异常等。压力能影响特应性鼻炎的严重程度，常见的压力如失去亲人、重大考试等。</span></p><p><br/></p>', '1', '20000');
INSERT INTO `bingli` VALUES ('16', '4', '胆结石', '<p style=\"margin-top:0;margin-right:9px;margin-bottom:0;margin-left:2px;margin-bottom:0;text-align:justify;text-justify:inter-ideograph;line-height:131%\"><span style=\"font-size:15px;line-height:131%;font-family:宋体;color:#333333\">胆结石，包括发生在胆囊和胆管的结石，是常见病和多发病。胆石种类常根据红外光谱的化学分析或从其剖面结构来判断胆固醇和胆色素的含量，胆固醇在胆固醇类结石中含量超过</span><span style=\"font-size:15px;line-height:131%;font-family:&#39;Times New Roman&#39;,&#39;serif&#39;;color:#333333\">70%</span><span style=\"font-size:15px;line-height:131%;font-family: 宋体;color:#333333\">，在纯胆固醇结石中超过</span><span style=\"font-size:15px;line-height:131%;font-family:&#39;Times New Roman&#39;,&#39;serif&#39;;color:#333333\">90%</span><span style=\"font-size:15px;line-height:131%;font-family: 宋体;color:#333333\">，在胆色素类结石中含量应低于</span><span style=\"font-size:15px;line-height:131%;font-family:&#39;Times New Roman&#39;,&#39;serif&#39;;color:#333333\">40%</span><span style=\"font-size:15px;line-height:131%;font-family: 宋体;color:#333333\">。如果结石钙盐含量较多，</span><span style=\"font-size:15px;line-height:131%;font-family:&#39;Times New Roman&#39;,&#39;serif&#39;;color:#333333\">X</span><span style=\"font-size:15px;line-height:131%;font-family: 宋体;color:#333333\">线检查常可显影。</span></p><p style=\"margin-top:0;margin-right:9px;margin-bottom:0;margin-left:2px;margin-bottom:0;text-align:justify;text-justify:inter-ideograph;line-height:131%\"><span style=\"font-size:15px;line-height:131%;font-family:宋体;color:#333333\">一般而言，胆石发生在胆道的不同部位时，其症状并不完全相同。现按胆囊结石、肝外胆管结石及肝内胆管结石分别描述其临床表现。</span></p><p style=\"margin-top:0;margin-right:9px;margin-bottom:0;margin-left:2px;margin-bottom:0;text-align:justify;text-justify:inter-ideograph;line-height:131%\"><span style=\"font-size:15px;line-height:131%;font-family:&#39;Times New Roman&#39;,&#39;serif&#39;;color:#333333\">1.</span><span style=\"font-size:15px;line-height:131%;font-family: 宋体;color:#333333\">胆囊结石的临床表现：</span></p><p style=\"margin-top:0;margin-right:9px;margin-bottom:0;margin-left:2px;margin-bottom:0;text-align:justify;text-justify:inter-ideograph;line-height:131%\"><span style=\"font-size:15px;line-height:131%;font-family:&#39;Times New Roman&#39;,&#39;serif&#39;;color:#333333\">1.1</span><span style=\"font-size:15px;line-height:131%;font-family: 宋体;color:#333333\">胆绞痛或上腹痛：胆绞痛是一种内脏性疼痛，多数是因胆囊管被结石暂时性梗阻所致。如果胆囊有急性炎症并存时，则胆囊壁可有不同程度的充血、水肿或增厚等病理表现。在典型病例，患者常有反复发作的上腹部疼痛，常位于右上腹或上腹部，重者表现为绞痛，疼痛可因进食而加重；部分病例疼痛可于夜间发作。绞痛发作多发生于缺乏体力活动或缺乏运动者（如长期卧床者）。胆绞痛的典型发作多表现为在</span><span style=\"font-size:15px;line-height:131%;font-family:&#39;Times New Roman&#39;,&#39;serif&#39;;color:#333333\">15min</span><span style=\"font-size:15px;line-height:131%;font-family: 宋体;color:#333333\">或</span><span style=\"font-size:15px;line-height:131%;font-family: &#39;Times New Roman&#39;,&#39;serif&#39;;color:#333333\">1h</span><span style=\"font-size:15px;line-height:131%;font-family:宋体;color:#333333\">内逐渐加重，然后又逐渐减弱；约有</span><span style=\"font-size:15px;line-height:131%;font-family: &#39;Times New Roman&#39;,&#39;serif&#39;;color:#333333\">1/3</span><span style=\"font-size:15px;line-height:131%;font-family:宋体;color:#333333\">的患者疼痛可突然发作，少数患者其疼痛可突然终止。如疼痛持续</span><span style=\"font-size:15px;line-height:131%;font-family:&#39;Times New Roman&#39;,&#39;serif&#39;;color:#333333\">5</span><span style=\"font-size:15px;line-height:131%;font-family: 宋体;color:#333333\">～</span><span style=\"font-size:15px;line-height:131%;font-family: &#39;Times New Roman&#39;,&#39;serif&#39;;color:#333333\">6h</span><span style=\"font-size:15px;line-height:131%;font-family:宋体;color:#333333\">以上者，常提示有急性胆囊炎并存。约半数以上的患者疼痛常放射到右肩胛区、后背中央或右肩头。胆绞痛发作时患者常坐卧不安。疼痛发作的间歇期可为数天、数周、数月甚至数年，在发作的时间上无法预测是胆绞痛的一个特点。</span></p><p style=\"margin-top:0;margin-right:9px;margin-bottom:0;margin-left:2px;margin-bottom:0;text-align:justify;text-justify:inter-ideograph;line-height:131%\"><span style=\"font-size:15px;line-height:131%;font-family:&#39;Times New Roman&#39;,&#39;serif&#39;;color:#333333\">1.2</span><span style=\"font-size:15px;line-height:131%;font-family: 宋体;color:#333333\">恶心与呕吐：多数患者在胆绞痛发作的同时伴有恶心与呕吐，重者伴出冷汗。呕吐后胆绞痛常有一定程度的减轻。呕吐的持续时间一般不会很长。</span></p><p style=\"margin-top:0;margin-right:9px;margin-bottom:0;margin-left:2px;margin-bottom:0;text-align:justify;text-justify:inter-ideograph;line-height:131%\"><span style=\"font-size:15px;line-height:131%;font-family:&#39;Times New Roman&#39;,&#39;serif&#39;;color:#333333\">1.3</span><span style=\"font-size:15px;line-height:131%;font-family: 宋体;color:#333333\">消化不良：消化不良表现为对脂肪和其他食物的不能耐受，常表现为过度嗳气或腹部膨胀，餐后饱胀及早饱、烧心等症状。消化不良症状的发生可能与胆石的存在或并存有胆囊炎等有关。</span></p><p style=\"margin-top:0;margin-right:9px;margin-bottom:0;margin-left:2px;margin-bottom:0;text-align:justify;text-justify:inter-ideograph;line-height:131%\"><span style=\"font-size:15px;line-height:131%;font-family:&#39;Times New Roman&#39;,&#39;serif&#39;;color:#333333\">1.4</span><span style=\"font-size:15px;line-height:131%;font-family: 宋体;color:#333333\">畏寒、发热：当并发急性胆囊炎时，患者可有畏寒、发热；当胆囊积水继发细菌感染形成胆囊积脓或坏疽、穿孔时，则寒战、发热更为显著。</span></p><p style=\"margin-top:0;margin-right:9px;margin-bottom:0;margin-left:2px;margin-bottom:0;text-align:justify;text-justify:inter-ideograph;line-height:131%\"><span style=\"font-size:15px;line-height:131%;font-family:&#39;Times New Roman&#39;,&#39;serif&#39;;color:#333333\">1.5</span><span style=\"font-size:15px;line-height:131%;font-family: 宋体;color:#333333\">黄疸：单纯胆囊结石并不引起黄疸，只有当伴有胆总管结石或炎症（胆管炎），或胆囊结石排入胆总管引起梗阻时可出现黄疸，部分患者伴有皮肤瘙痒。</span></p><p style=\"margin-top:0;margin-right:9px;margin-bottom:0;margin-left:2px;margin-bottom:0;text-align:justify;text-justify:inter-ideograph;line-height:131%\"><span style=\"font-size:15px;line-height:131%;font-family:&#39;Times New Roman&#39;,&#39;serif&#39;;color:#333333\">1.6</span><span style=\"font-size:15px;line-height:131%;font-family: 宋体;color:#333333\">右上腹压痛：部分单纯胆囊结石患者在体检时，右上腹可有压痛。如并发急性胆囊炎时，则右上腹明显压痛，肌紧张，有时可扪及肿大的胆囊，</span><span style=\"font-size:15px;line-height:131%;font-family:&#39;Times New Roman&#39;,&#39;serif&#39;;color:#333333\">Murphy</span><span style=\"font-size:15px;line-height:131%;font-family: 宋体;color:#333333\">征阳性。</span></p><p style=\"margin-top:0;margin-right:9px;margin-bottom:0;margin-left:2px;margin-bottom:0;text-align:justify;text-justify:inter-ideograph;line-height:131%\"><span style=\"font-size:15px;line-height:131%;font-family:&#39;Times New Roman&#39;,&#39;serif&#39;;color:#333333\">1.7</span><span style=\"font-size:15px;line-height:131%;font-family: 宋体;color:#333333\">胆心综合征：因胆囊结石等胆道疾病，反射性引起心脏功能失调或心律的改变，而导致的一组临床症候群称为胆心综合征，而患者的冠状动脉或心脏并无器质性病变。胆石症引起冠心病样症状的机制是由于胆石症、胆道梗阻，胆管内压增高时，可通过脊髓神经反射（胆囊与心脏的脊神经支配，在胸</span><span style=\"font-size:15px;line-height:131%;font-family:&#39;Times New Roman&#39;,&#39;serif&#39;;color:#333333\">4</span><span style=\"font-size:15px;line-height:131%;font-family: 宋体;color:#333333\">～</span><span style=\"font-size:15px;line-height:131%;font-family: &#39;Times New Roman&#39;,&#39;serif&#39;;color:#333333\">5</span><span style=\"font-size:15px;line-height:131%;font-family:宋体;color:#333333\">脊神经处交叉），即经内脏</span><span style=\"font-size:15px;line-height:131%;font-family: &#39;Times New Roman&#39;,&#39;serif&#39;;color:#333333\">-</span><span style=\"font-size:15px;line-height:131%;font-family:宋体;color:#333333\">内脏神经反射途径，引起冠状血管收缩、血流量减少，重者可导致心肌缺氧而发生心绞痛、心律失常或心电图改变等。</span></p><p style=\"margin-top:0;margin-right:9px;margin-bottom:0;margin-left:2px;margin-bottom:0;text-align:justify;text-justify:inter-ideograph;line-height:131%\"><span style=\"font-size:15px;line-height:131%;font-family:&#39;Times New Roman&#39;,&#39;serif&#39;;color:#333333\">2.</span><span style=\"font-size:15px;line-height:131%;font-family: 宋体;color:#333333\">肝外胆管结石的临床表现：</span> <span style=\"font-size:15px;line-height:131%;font-family:宋体;color:#333333\">肝外胆管结石是指发生在肝总管及胆总管内的结石，最多见的是胆总管结石，约有</span><span style=\"font-size:15px;line-height:131%;font-family:&#39;Times New Roman&#39;,&#39;serif&#39;;color:#333333\">15%</span><span style=\"font-size:15px;line-height:131%;font-family: 宋体;color:#333333\">的胆囊结石患者可并存有胆总管结石，且随年龄的增加，二者并存的比例增高。反之，约</span><span style=\"font-size:15px;line-height:131%;font-family:&#39;Times New Roman&#39;,&#39;serif&#39;;color:#333333\">95%</span><span style=\"font-size:15px;line-height:131%;font-family: 宋体;color:#333333\">的胆总管结石患者并存有胆囊结石。胆总管结石者，其结石多位于胆总管的下端及十二指肠壶腹部。当胆石引起胆总管梗阻即可产生典型症状与体征。其临床表现主要与胆道阻塞、胆管内压力增高、胆汁排泄受阻以及胆汁并发细菌感染等因素密切相关。典型症状有胆绞痛、寒战、高热及黄疸，称之为胆总管结石的三联征，即</span><span style=\"font-size:15px;line-height:131%;font-family:&#39;Times New Roman&#39;,&#39;serif&#39;;color:#333333\">charcot</span><span style=\"font-size:15px;line-height:131%;font-family: 宋体;color:#333333\">征。</span></p><p style=\"margin-top:0;margin-right:9px;margin-bottom:0;margin-left:2px;margin-bottom:0;text-align:justify;text-justify:inter-ideograph;line-height:131%\"><span style=\"font-size:15px;line-height:131%;font-family:&#39;Times New Roman&#39;,&#39;serif&#39;;color:#333333\">2.1</span><span style=\"font-size:15px;line-height:131%;font-family: 宋体;color:#333333\">上腹疼痛或绞痛：约</span><span style=\"font-size:15px;line-height:131%;font-family:&#39;Times New Roman&#39;,&#39;serif&#39;;color:#333333\">90%</span><span style=\"font-size:15px;line-height:131%;font-family: 宋体;color:#333333\">以上的胆总管结石患者有上腹部或右上腹部疼痛或绞痛，可放射至右肩背部。发生绞痛的原因是结石嵌顿于胆总管下端壶腹部后，胆总管梗阻并刺激</span><span style=\"font-size:15px;line-height:131%;font-family:&#39;Times New Roman&#39;,&#39;serif&#39;;color:#333333\">Oddi</span><span style=\"font-size:15px;line-height:131%;font-family: 宋体;color:#333333\">括约肌和胆管平滑肌所致。绞痛可在进食油腻食物后诱发，或体位改变、身体受到颠簸后诱发。重者可伴有冷汗、面色苍白、恶心与呕吐等症状。</span></p><p style=\"margin-top:0;margin-right:9px;margin-bottom:0;margin-left:2px;margin-bottom:0;text-align:justify;text-justify:inter-ideograph;line-height:131%\"><a name=\"page8\"></a><span style=\"font-size:15px;line-height:131%;font-family:&#39;Times New Roman&#39;,&#39;serif&#39;;color:#333333\">2.2</span><span style=\"font-size:15px;line-height:131%;font-family:宋体;color:#333333\">寒战与高热：约</span><span style=\"font-size:15px;line-height:131%;font-family:&#39;Times New Roman&#39;,&#39;serif&#39;;color:#333333\">75%</span><span style=\"font-size:15px;line-height:131%;font-family:宋体;color:#333333\">的胆总管结石患者，在发作胆绞痛后，因并发胆道细菌感染而引起寒战与高热，体温可达</span><span style=\"font-size:15px;line-height:131%;font-family: &#39;Times New Roman&#39;,&#39;serif&#39;;color:#333333\">40</span><span style=\"font-size:15px;line-height:131%;font-family:宋体;color:#333333\">℃。寒战、高热的原因是感染向肝内逆行扩散，致病菌及其毒素经肝血窦、肝静脉至体循环而导致全身性感染的结果。少数胆总管结石者，如为急性胆管梗阻，同时伴严重胆管内感染而引起急性化脓性炎症时，则称为急性化脓性胆管炎或称为重症急性胆管炎，可出现低血压、中毒性休克及败血症等全身中毒的临床表现。</span></p><p style=\"margin-top:0;margin-right:9px;margin-bottom:0;margin-left:2px;margin-bottom:0;text-align:justify;text-justify:inter-ideograph;line-height:131%\"><span style=\"font-size:15px;line-height:131%;font-family:&#39;Times New Roman&#39;,&#39;serif&#39;;color:#333333\">2.3</span><span style=\"font-size:15px;line-height:131%;font-family: 宋体;color:#333333\">黄疸：约</span><span style=\"font-size:15px;line-height:131%;font-family:&#39;Times New Roman&#39;,&#39;serif&#39;;color:#333333\">70%</span><span style=\"font-size:15px;line-height:131%;font-family: 宋体;color:#333333\">的胆总管结石患者，在上腹绞痛、寒战、高热后的</span><span style=\"font-size:15px;line-height:131%;font-family:&#39;Times New Roman&#39;,&#39;serif&#39;;color:#333333\">12</span><span style=\"font-size:15px;line-height:131%;font-family: 宋体;color:#333333\">～</span><span style=\"font-size:15px;line-height:131%;font-family: &#39;Times New Roman&#39;,&#39;serif&#39;;color:#333333\">24h</span><span style=\"font-size:15px;line-height:131%;font-family:宋体;color:#333333\">即可出现黄疸。发生黄疸的机制是因结石嵌顿于乏特壶腹部不能松动，胆总管梗阻不能缓解所致，常伴有皮肤瘙痒，尿呈浓茶色，粪便色泽变淡或呈现陶土色。多数患者黄疸可呈波动性，在</span><span style=\"font-size:15px;line-height:131%;font-family:&#39;Times New Roman&#39;,&#39;serif&#39;;color:#333333\">1</span><span style=\"font-size:15px;line-height:131%;font-family: 宋体;color:#333333\">周左右可有所缓解，系因胆管扩张以后，结石有所松动之故或系结石经松弛的括约肌而排入十二指肠的缘故。有学者认为黄疸呈间歇性出现或表现为时深时浅是胆总管结石的特征。</span></p><p style=\"margin-top:0;margin-right:9px;margin-bottom:0;margin-left:2px;margin-bottom:0;text-align:justify;text-justify:inter-ideograph;line-height:131%\"><span style=\"font-size:15px;line-height:131%;font-family:&#39;Times New Roman&#39;,&#39;serif&#39;;color:#333333\">2.4</span><span style=\"font-size:15px;line-height:131%;font-family: 宋体;color:#333333\">上腹部压痛：体检时在剑突下和右上腹有深压痛，炎症重者常伴腹肌紧张，肝区可有叩击痛。如胆囊管通畅者，有时也可扪及肿大的胆囊。</span></p><p style=\"margin-top:0;margin-right:9px;margin-bottom:0;margin-left:2px;margin-bottom:0;text-align:justify;text-justify:inter-ideograph;line-height:131%\"><span style=\"font-size:15px;line-height:131%;font-family:&#39;Times New Roman&#39;,&#39;serif&#39;;color:#333333\">3.</span><span style=\"font-size:15px;line-height:131%;font-family: 宋体;color:#333333\">肝内胆管结石的临床表现：原发于左右肝管分叉处以上部位的结石，称为肝内胆管结石。结石可广泛分布于肝内胆管系统，也可散在于肝内胆管的某一分支内，也可发生在某一肝叶或肝段的胆管内。大量资料表明，结石发生于左侧肝内胆管者多见。主要临床表现有：</span></p><p style=\"margin-top:0;margin-right:9px;margin-bottom:0;margin-left:2px;margin-bottom:0;text-align:justify;text-justify:inter-ideograph;line-height:131%\"><span style=\"font-size:15px;line-height:131%;font-family:&#39;Times New Roman&#39;,&#39;serif&#39;;color:#333333\">3.1</span><span style=\"font-size:15px;line-height:131%;font-family: 宋体;color:#333333\">上腹部疼痛：肝内胆管结石的症状常不典型。散在于肝内胆管的较小结石通常不引起症状，或仅表现为右上腹和胸背部的持续性胀痛或钝痛。一般不发生绞痛。</span></p><p style=\"margin-top:0;margin-right:9px;margin-bottom:0;margin-left:2px;margin-bottom:0;text-align:justify;text-justify:inter-ideograph;line-height:131%\"><span style=\"font-size:15px;line-height:131%;font-family:&#39;Times New Roman&#39;,&#39;serif&#39;;color:#333333\">3.2</span><span style=\"font-size:15px;line-height:131%;font-family: 宋体;color:#333333\">黄疸：一般的肝内胆管结石不出现黄疸，只有当双侧或左、右叶的胆管均被结石阻塞时才出现黄疸，此时多数可伴有胆绞痛或较剧烈的疼痛。如并发胆道感染时，也可出现寒战与高热，重者亦可发展为急性化脓性胆管炎。</span></p><p style=\"margin-top:0;margin-right:9px;margin-bottom:0;margin-left:2px;margin-bottom:0;text-align:justify;text-justify:inter-ideograph;line-height:131%\"><span style=\"font-size:15px;line-height:131%;font-family:&#39;Times New Roman&#39;,&#39;serif&#39;;color:#333333\">3.3</span><span style=\"font-size:15px;line-height:131%;font-family: 宋体;color:#333333\">上腹部压痛：体检时常可触及肿大的肝脏并有压痛，少数可有肝区叩击痛。多数资料表明，肝内胆管结石常与胆总管结石并存，所以当患者有胆石症的典型症状（绞痛、寒战与高热、黄疸）时，常是胆总管结石的症状。</span></p><p style=\"margin-top:0;margin-right:9px;margin-bottom:0;margin-left:2px;margin-bottom:0;text-align:justify;text-justify:inter-ideograph;line-height:131%\"><span style=\"font-size:15px;line-height:131%;font-family:宋体;color:#333333\">胆石症最严重的并发症是不同严重程度的急性胆囊炎，包括坏疽性、气肿性胆囊炎，胆囊周围脓肿和穿孔等。慢性结石性胆囊炎也是胆囊结石常见的并发症。除此之外，胆囊结石的并发症还有胰腺炎、肝脓肿、胆管炎、上行性肝炎、门静脉炎、</span><span style=\"font-size:15px;line-height:131%;font-family:&#39;Times New Roman&#39;,&#39;serif&#39;;color:#333333\">Mirizzi</span><span style=\"font-size:15px;line-height:131%;font-family: 宋体;color:#333333\">综合征和胆囊癌等。除了慢性胆囊炎</span><span style=\"font-size:15px;line-height:131%;font-family:&#39;Times New Roman&#39;,&#39;serif&#39;;color:#333333\">(</span><span style=\"font-size:15px;line-height:131%;font-family: 宋体;color:#333333\">几乎每个胆囊结石患者都合并有慢性胆囊炎</span><span style=\"font-size:15px;line-height:131%;font-family:&#39;Times New Roman&#39;,&#39;serif&#39;;color:#333333\">)</span><span style=\"font-size:15px;line-height:131%;font-family: 宋体;color:#333333\">之外，大约</span><span style=\"font-size:15px;line-height:131%;font-family:&#39;Times New Roman&#39;,&#39;serif&#39;;color:#333333\">20%</span><span style=\"font-size:15px;line-height:131%;font-family: 宋体;color:#333333\">的胆囊结石患者会发生并发症，并且随着年龄增长，发生并发症的发病率明显增加。</span></p><p style=\"line-height:99%\"><strong><span style=\"font-size:17px;line-height:99%;font-family: 宋体;color:#333333\">患病率</span></strong></p><p style=\"margin-top:0;margin-right:9px;margin-bottom:0;margin-left:2px;margin-bottom:0;text-align:justify;text-justify:inter-ideograph;line-height:131%\"><span style=\"font-size:15px;line-height:131%;font-family:&#39;Times New Roman&#39;,&#39;serif&#39;;color:#333333\">&nbsp;</span></p><p style=\"margin-top:0;margin-right:9px;margin-bottom:0;margin-left:2px;margin-bottom:0;text-align:justify;text-justify:inter-ideograph;line-height:131%\"><span style=\"font-size:15px;line-height:131%;font-family:宋体;color:#333333\">在欧美成人中发病率为</span><span style=\"font-size:15px;line-height:131%;font-family:&#39;Times New Roman&#39;,&#39;serif&#39;;color:#333333\">10%</span><span style=\"font-size:15px;line-height:131%;font-family:宋体;color:#333333\">～</span><span style=\"font-size:15px;line-height:131%;font-family:&#39;Times New Roman&#39;,&#39;serif&#39;;color:#333333\">15%</span><span style=\"font-size:15px;line-height:131%;font-family: 宋体;color:#333333\">。我国胆石病的种类和发病率随着人民生活水平的提高也出现了很大的变化。我国胆囊结石的发病率已达</span><span style=\"font-size:15px;line-height:131%;font-family:&#39;Times New Roman&#39;,&#39;serif&#39;;color:#333333\">10%</span><span style=\"font-size:15px;line-height:131%;font-family: 宋体;color:#333333\">，胆石病的收治率约占普通外科住院病人的</span><span style=\"font-size:15px;line-height:131%;font-family:&#39;Times New Roman&#39;,&#39;serif&#39;;color:#333333\">11.5%</span><span style=\"font-size:15px;line-height:131%;font-family: 宋体;color:#333333\">，女性与男性比例约为</span><span style=\"font-size:15px;line-height:131%;font-family:&#39;Times New Roman&#39;,&#39;serif&#39;;color:#333333\">2.57</span><span style=\"font-size:15px;line-height:131%;font-family: 宋体;color:#333333\">：</span><span style=\"font-size:15px;line-height:131%;font-family: &#39;Times New Roman&#39;,&#39;serif&#39;;color:#333333\">1</span><span style=\"font-size:15px;line-height:131%;font-family:宋体;color:#333333\">，与胆管结石的比例从十年前的</span><span style=\"font-size:15px;line-height:131%;font-family: &#39;Times New Roman&#39;,&#39;serif&#39;;color:#333333\">1.5</span><span style=\"font-size:15px;line-height:131%;font-family:宋体;color:#333333\">：</span><span style=\"font-size: 15px;line-height:131%;font-family:&#39;Times New Roman&#39;,&#39;serif&#39;;color:#333333\">1</span><span style=\"font-size:15px;line-height:131%;font-family:宋体;color:#333333\">增至</span><span style=\"font-size:15px;line-height:131%;font-family:&#39;Times New Roman&#39;,&#39;serif&#39;;color:#333333\">7.36</span><span style=\"font-size:15px;line-height:131%;font-family: 宋体;color:#333333\">：</span><span style=\"font-size:15px;line-height:131%;font-family: &#39;Times New Roman&#39;,&#39;serif&#39;;color:#333333\">1</span><span style=\"font-size:15px;line-height:131%;font-family:宋体;color:#333333\">，其中胆固醇结石与胆色素结石的比例也由</span><span style=\"font-size:15px;line-height:131%;font-family: &#39;Times New Roman&#39;,&#39;serif&#39;;color:#333333\">1.4</span><span style=\"font-size:15px;line-height:131%;font-family:宋体;color:#333333\">：</span><span style=\"font-size: 15px;line-height:131%;font-family:&#39;Times New Roman&#39;,&#39;serif&#39;;color:#333333\">1</span><span style=\"font-size:15px;line-height:131%;font-family:宋体;color:#333333\">上升到</span><span style=\"font-size:15px;line-height:131%;font-family:&#39;Times New Roman&#39;,&#39;serif&#39;;color:#333333\">3.4</span><span style=\"font-size:15px;line-height:131%;font-family: 宋体;color:#333333\">：</span><span style=\"font-size:15px;line-height:131%;font-family: &#39;Times New Roman&#39;,&#39;serif&#39;;color:#333333\">1</span><span style=\"font-size:15px;line-height:131%;font-family:宋体;color:#333333\">。</span></p><p><strong><span style=\"font-size:17px;font-family: 宋体;color:#333333\">致病原因</span></strong></p><p style=\"margin-top:0;margin-right:9px;margin-bottom:0;margin-left:2px;margin-bottom:0;text-align:justify;text-justify:inter-ideograph;line-height:131%\"><span style=\"font-size:15px;line-height:131%;font-family:&#39;Times New Roman&#39;,&#39;serif&#39;;color:#333333\">&nbsp;</span></p><p style=\"margin-top:0;margin-right:9px;margin-bottom:0;margin-left:2px;margin-bottom:0;text-align:justify;text-justify:inter-ideograph;line-height:131%\"><span style=\"font-size:15px;line-height:131%;font-family:宋体;color:#333333\">胆石形成原因迄今仍未完全明确，可能为一综合因素。胆石的成分有胆固醇、胆色素、钙盐、黏蛋白及其他有机物与无机物等，根据结石成分的不同，通常将胆石分为胆固醇性结石、胆色素性结石和混合性结石（胆固醇、胆色素、钙及其他有机物、无机物混合而成）</span><span style=\"font-size:15px;line-height:131%;font-family:&#39;Times New Roman&#39;,&#39;serif&#39;;color:#333333\">3</span><span style=\"font-size:15px;line-height:131%;font-family: 宋体;color:#333333\">类。多年来的研究已证明，胆石是在多种因素影响下，经过一系列病理生理过程而形成的，这些因素包括胆汁成分的改变、过饱和胆汁或胆固醇呈过饱和状态、胆汁囊泡及胆固醇单水晶体的沉淀、促成核因子与抗成核因子的失调、胆囊功能异常、氧自由基的参与及胆道细菌、寄生虫感染等。</span></p><p style=\"margin-top:0;margin-right:9px;margin-bottom:0;margin-left:2px;margin-bottom:0;text-align:justify;text-justify:inter-ideograph;line-height:131%\"><span style=\"font-size:15px;line-height:131%;font-family:&#39;Times New Roman&#39;,&#39;serif&#39;;color:#333333\">1.</span><span style=\"font-size:15px;line-height:131%;font-family: 宋体;color:#333333\">胆囊结石成因</span></p><p style=\"margin-top:0;margin-right:9px;margin-bottom:0;margin-left:2px;margin-bottom:0;text-align:justify;text-justify:inter-ideograph;line-height:131%\"><span style=\"font-size:15px;line-height:131%;font-family:&#39;Times New Roman&#39;,&#39;serif&#39;;color:#333333\">1.1</span><span style=\"font-size:15px;line-height:131%;font-family: 宋体;color:#333333\">代谢因素：正常胆囊胆汁中胆盐、卵磷脂、胆固醇按比例共存于一稳定的胶态离子团中。一般胆固醇与胆盐之<a name=\"page9\"></a>比为</span><span style=\"font-size:15px;line-height:131%;font-family:&#39;Times New Roman&#39;,&#39;serif&#39;;color:#333333\">1</span><span style=\"font-size:15px;line-height:131%;font-family: 宋体;color:#333333\">∶</span><span style=\"font-size:15px;line-height:131%;font-family: &#39;Times New Roman&#39;,&#39;serif&#39;;color:#333333\">20</span><span style=\"font-size:15px;line-height:131%;font-family:宋体;color:#333333\">～</span><span style=\"font-size: 15px;line-height:131%;font-family:&#39;Times New Roman&#39;,&#39;serif&#39;;color:#333333\">1</span><span style=\"font-size:15px;line-height:131%;font-family:宋体;color:#333333\">∶</span><span style=\"font-size:15px;line-height:131%;font-family:&#39;Times New Roman&#39;,&#39;serif&#39;;color:#333333\">30</span><span style=\"font-size:15px;line-height:131%;font-family: 宋体;color:#333333\">之间，如某些代谢原因造成胆盐、卵磷脂减少，或胆固醇量增加，当其比例低于</span><span style=\"font-size:15px;line-height:131%;font-family:&#39;Times New Roman&#39;,&#39;serif&#39;;color:#333333\">1</span><span style=\"font-size:15px;line-height:131%;font-family: 宋体;color:#333333\">∶</span><span style=\"font-size:15px;line-height:131%;font-family: &#39;Times New Roman&#39;,&#39;serif&#39;;color:#333333\">13</span><span style=\"font-size:15px;line-height:131%;font-family:宋体;color:#333333\">以下时，胆固醇便沉淀析出，经聚合就形成较大结石。如妊娠后期、老年人，血内胆固醇含量明显增高，故多次妊娠者与老年人易患此病；又如肝功能受损者，胆酸分泌减少也易形成结石。先天性溶血病人，因长期大量红细胞破坏，可产生胆色素性结石。</span></p><p style=\"margin-top:0;margin-right:9px;margin-bottom:0;margin-left:2px;margin-bottom:0;text-align:justify;text-justify:inter-ideograph;line-height:131%\"><span style=\"font-size:15px;line-height:131%;font-family:&#39;Times New Roman&#39;,&#39;serif&#39;;color:#333333\">1.2</span><span style=\"font-size:15px;line-height:131%;font-family: 宋体;color:#333333\">胆系感染：大量文献记载，从胆石核心中已培养出伤寒杆菌、链球菌、魏氏芽孢杆菌、放线菌等，足见细菌感染在结石形成上有着重要作用。细菌感染除引起胆囊炎外，其菌落、脱落上皮细胞等可成为结石的核心，胆囊内炎性渗出物的蛋白成分，可成为结石的支架。</span></p><p style=\"margin-top:0;margin-right:9px;margin-bottom:0;margin-left:2px;margin-bottom:0;text-align:justify;text-justify:inter-ideograph;line-height:131%\"><span style=\"font-size:15px;line-height:131%;font-family:&#39;Times New Roman&#39;,&#39;serif&#39;;color:#333333\">1.3</span><span style=\"font-size:15px;line-height:131%;font-family: 宋体;color:#333333\">其他：如胆汁的淤滞、胆汁</span><span style=\"font-size:15px;line-height:131%;font-family:&#39;Times New Roman&#39;,&#39;serif&#39;;color:#333333\">pH</span><span style=\"font-size:15px;line-height:131%;font-family: 宋体;color:#333333\">过低、维生素</span><span style=\"font-size:15px;line-height:131%;font-family:&#39;Times New Roman&#39;,&#39;serif&#39;;color:#333333\">A</span><span style=\"font-size:15px;line-height:131%;font-family: 宋体;color:#333333\">缺乏等，也都是结石形成的原因之一。</span></p><p style=\"margin-top:0;margin-right:9px;margin-bottom:0;margin-left:2px;margin-bottom:0;text-align:justify;text-justify:inter-ideograph;line-height:131%\"><span style=\"font-size:15px;line-height:131%;font-family:&#39;Times New Roman&#39;,&#39;serif&#39;;color:#333333\">2.</span><span style=\"font-size:15px;line-height:131%;font-family: 宋体;color:#333333\">胆管结石成因</span></p><p style=\"margin-top:0;margin-right:9px;margin-bottom:0;margin-left:2px;margin-bottom:0;text-align:justify;text-justify:inter-ideograph;line-height:131%\"><span style=\"font-size:15px;line-height:131%;font-family:宋体;color:#333333\">继发于胆囊结石系某些原因胆囊结石下移至胆总管，称为继发性胆管结石，多发生在结石性胆囊炎病程长、胆囊管扩张、结石较小的病例中，其发生率为</span><span style=\"font-size:15px;line-height:131%;font-family:&#39;Times New Roman&#39;,&#39;serif&#39;;color:#333333\">14%</span><span style=\"font-size:15px;line-height:131%;font-family: 宋体;color:#333333\">。</span></p><p style=\"margin-top:0;margin-right:9px;margin-bottom:0;margin-left:2px;margin-bottom:0;text-align:justify;text-justify:inter-ideograph;line-height:131%\"><span style=\"font-size:15px;line-height:131%;font-family:宋体;color:#333333\">原发性胆管结石可能与胆道感染、胆管狭窄、胆道寄生虫感染（尤其蛔虫感染）有关。当胆道感染时，大肠埃希杆菌产生β</span><span style=\"font-size:15px;line-height:131%;font-family:&#39;Times New Roman&#39;,&#39;serif&#39;;color:#333333\">-</span><span style=\"font-size:15px;line-height:131%;font-family: 宋体;color:#333333\">葡萄糖醛酸苷酶，活性很高，可将胆汁中的结合胆红素水解成游离胆红素，后者再与胆汁中钙离子结合成为不溶于水的胆红素钙，沉淀后即成为胆色素钙结石。胆道蛔虫病所引起的继发胆道感染，更易发生此种结石，这是由于蛔虫残体、角皮、虫卵及其随之带入的细菌、炎性产物可成为结石的核心。胆管狭窄势必影响胆流通畅，造成胆汁滞留，胆色素及胆固醇更易沉淀形成结石。当合并慢性炎症时，则结石形成过程更为迅速。总之，胆道的感染、梗阻在结石的形成中，互为因果，相互促进。</span></p><p style=\"margin-top:0;margin-right:9px;margin-bottom:0;margin-left:2px;margin-bottom:0;text-align:justify;text-justify:inter-ideograph;line-height:131%\"><span style=\"font-size:15px;line-height:131%;font-family:&#39;Times New Roman&#39;,&#39;serif&#39;;color:#333333\">3.</span><span style=\"font-size:15px;line-height:131%;font-family: 宋体;color:#333333\">发病机制：</span></p><p style=\"margin-top:0;margin-right:9px;margin-bottom:0;margin-left:2px;margin-bottom:0;text-align:justify;text-justify:inter-ideograph;line-height:131%\"><span style=\"font-size:15px;line-height:131%;font-family:宋体;color:#333333\">胆石形成的基本因素有：胆汁理化状态的改变、胆汁淤滞和感染等</span><span style=\"font-size:15px;line-height:131%;font-family: &#39;Times New Roman&#39;,&#39;serif&#39;;color:#333333\">3</span><span style=\"font-size:15px;line-height:131%;font-family:宋体;color:#333333\">种。常为</span><span style=\"font-size: 15px;line-height:131%;font-family:&#39;Times New Roman&#39;,&#39;serif&#39;;color:#333333\">2</span><span style=\"font-size:15px;line-height:131%;font-family:宋体;color:#333333\">种以上因素联合致病。胆汁理化性状的改变使其中胆色素或胆固醇析出，形成结石；胆汁淤滞可使胆汁中水分被过多吸收，胆汁过度浓缩，使胆色素浓度增高，胆固醇过饱和等，都可促进胆石形成；细菌感染可使胆道发生炎性水肿、细胞浸润和慢性期的纤维增生，导致胆道壁增厚、狭窄甚至闭塞，从而引起胆汁淤滞。炎症时渗出的细胞或脱落上皮、细菌群、蛔虫残体及虫卵等也可作为结石的核心，促进胆石形成。</span></p><p style=\"margin-top:0;margin-right:9px;margin-bottom:0;margin-left:2px;margin-bottom:0;text-align:justify;text-justify:inter-ideograph;line-height:131%\"><span style=\"font-size:15px;line-height:131%;font-family:宋体;color:#333333\">胆固醇性结石的形成机制：胆汁中如胆固醇含量过多呈过饱和状态，则易析出形成胆固醇结石（如长期进食高脂肪饮食）。正常时胆汁中一定浓度的胆盐和卵磷脂可以和胆固醇、蛋白质组成混合体胶粒，混悬于胆汁中而不析出。在某些肠疾病时由于丧失了胆盐则促进胆固醇的析出，形成结石。</span></p><p style=\"margin-top:0;margin-right:9px;margin-bottom:0;margin-left:2px;margin-bottom:0;text-align:justify;text-justify:inter-ideograph;line-height:131%\"><span style=\"font-size:15px;line-height:131%;font-family:宋体;color:#333333\">胆红素性结石形成机制：胆汁中的游离胆红素浓度增高可与胆汁中的钙结合，形成不溶性的胆红素钙而析出。正常胆汁中的胆红素与葡萄糖醛酸结合成酯类而不游离。大肠埃希杆菌等肠道细菌中的葡萄糖醛酸酶则有分解上述酯类使胆红素游离出来的作用。所以有肠道细菌感染、肠道蛔虫症及胆道炎症时易形成胆红素结石。此外，胆色素含量增加（如红细胞破坏过多），胆汁内钙量增加以及胆汁的酸度增加等都可促进此类结石的形成。</span></p><p><br/></p>', '1', '10000');
INSERT INTO `bingli` VALUES ('17', '5', '成神经细胞瘤', '<p style=\"margin-top:0;margin-right:9px;margin-bottom:0;margin-left:2px;margin-bottom:0;text-align:justify;text-justify:inter-ideograph;line-height:131%\"><span style=\"font-size:15px;line-height:131%;font-family:宋体;color:#333333\">神经母细胞瘤来源于肾上腺髓质或脊椎旁交感神经系统的未成熟的胚胎细胞，多发生于岁儿童，男性患儿略多于女性，肾上腺为最常见部位，其次是腹膜后、纵膈、盆腔及颈部等交感神经节细胞分布的部位，较肝母细胞瘤、肾母细胞瘤恶性程度高，治疗效果差，且症状无特异性，易造成误诊，早期即可发生转移，易转移至肝脏、骨髓、皮肤、淋巴结、肾脏及骨骼等组织，具有自行消退和体外诱导分化的特点。</span></p><p style=\"line-height:99%\"><strong><span style=\"font-size:17px;line-height:99%;font-family: 宋体;color:#333333\">患病率</span></strong></p><p style=\"line-height:19px\"><span style=\"font-family:&#39;Times New Roman&#39;,&#39;serif&#39;\">&nbsp;</span></p><p style=\"margin-top:0;margin-right:9px;margin-bottom:0;margin-left:2px;margin-bottom:0;text-align:justify;text-justify:inter-ideograph;line-height:131%\"><span style=\"font-size:15px;line-height:131%;font-family:宋体;color:#333333\">神经母细胞瘤是儿童最常见的颇外实体性恶性肿瘤，其年发病率为</span><span style=\"font-size:15px;line-height:131%;font-family: &#39;Times New Roman&#39;,&#39;serif&#39;;color:#333333\">0.3/10</span><span style=\"font-size: 15px;line-height:131%;font-family:宋体;color:#333333\">万</span><span style=\"font-size: 15px;line-height:131%;font-family:&#39;Times New Roman&#39;,&#39;serif&#39;;color:#333333\">~5.5/10</span><span style=\"font-size:15px;line-height:131%;font-family:宋体;color:#333333\">万。</span></p><p style=\"line-height:99%\"><strong><span style=\"font-size:17px;line-height:99%;font-family: 宋体;color:#333333\">致病原因</span></strong></p><p style=\"margin-top:0;margin-right:9px;margin-bottom:0;margin-left:2px;margin-bottom:0;text-align:justify;text-justify:inter-ideograph;line-height:131%\"><span style=\"font-size:15px;line-height:131%;font-family:&#39;Times New Roman&#39;,&#39;serif&#39;;color:#333333\">&nbsp;</span></p><p style=\"margin-top:0;margin-right:9px;margin-bottom:0;margin-left:2px;margin-bottom:0;text-align:justify;text-justify:inter-ideograph;line-height:131%\"><span style=\"font-size:15px;line-height:131%;font-family:宋体;color:#333333\">神经母细胞瘤的病因尚不清楚。约</span><span style=\"font-size:15px;line-height:131%;font-family:&#39;Times New Roman&#39;,&#39;serif&#39;;color:#333333\">1~2%</span><span style=\"font-size:15px;line-height:131%;font-family:宋体;color:#333333\">的情况下运行在家庭和与特定的基因突变。</span> <span style=\"font-size:15px;line-height:131%;font-family:宋体;color:#333333\">家族型神经母细胞瘤被证明与间变淋巴瘤激酶的体细胞突变所导致。</span><span style=\"font-size:15px;line-height:131%;font-family: &#39;Times New Roman&#39;,&#39;serif&#39;;color:#333333\">MYCN</span><span style=\"font-size: 15px;line-height:131%;font-family:宋体;color:#333333\">致癌基因扩增在神经母细胞瘤的肿瘤是一种常见的现象。这种突变的存在与晚期疾病高度相关。</span></p><p style=\"margin-top:0;margin-right:9px;margin-bottom:0;margin-left:2px;margin-bottom:0;text-align:justify;text-justify:inter-ideograph;line-height:131%\"><span style=\"font-size:15px;line-height:131%;font-family:宋体;color:#333333\">许多研究把重点放在了在怀孕期间的父母因素。因素包括职业调查（即暴露于化学物质在特定行业）、吸烟、饮酒、怀孕和生育期间使用药用药物因素。</span></p><p><br/></p>', '1', '1');
INSERT INTO `bingli` VALUES ('18', '6', '牛皮癣', '<p style=\"margin-top:0;margin-right:9px;margin-bottom:0;margin-left:2px;margin-bottom:0;text-align:justify;text-justify:inter-ideograph;line-height:131%\"><span style=\"font-size:15px;line-height:131%;font-family:宋体;color:#333333\">银屑病俗称牛皮癣，是一种常见的慢性复发性炎症性皮肤病，典型皮损为鳞屑性红斑。</span></p><p style=\"margin-top:0;margin-right:9px;margin-bottom:0;margin-left:2px;margin-bottom:0;text-align:justify;text-justify:inter-ideograph;line-height:131%\"><span style=\"font-size:15px;line-height:131%;font-family:宋体;color:#333333\">根据银屑病的临床特征，可分为寻常型、关节病型、脓疱型及红皮病型，其中寻常型占</span><span style=\"font-size:15px;line-height:131%;font-family: &#39;Times New Roman&#39;,&#39;serif&#39;;color:#333333\">99%</span><span style=\"font-size:15px;line-height:131%;font-family:宋体;color:#333333\">以上</span> <span style=\"font-size:15px;line-height:131%;font-family:宋体;color:#333333\">其他类型多由寻常型银屑病转化而来，外用刺激性药物、系统使用糖皮质激素、免疫抑制剂过程中突然停药以及感染、精神压力等可诱发。</span></p><p style=\"margin-top:0;margin-right:9px;margin-bottom:0;margin-left:2px;margin-bottom:0;text-align:justify;text-justify:inter-ideograph;line-height:131%\"><span style=\"font-size:15px;line-height:131%;font-family:&#39;Times New Roman&#39;,&#39;serif&#39;;color:#333333\">1.</span><span style=\"font-size:15px;line-height:131%;font-family: 宋体;color:#333333\">寻常型银屑病：</span> <span style=\"font-size:15px;line-height:131%;font-family:宋体;color:#333333\">初起皮损为红色丘疹或斑丘疹，逐渐扩展成为境界清楚的红色斑块，可呈多种形态（如点滴状、斑块状、钱币状、地图状、蛎壳状等），上覆厚层银白色鳞屑，刮除成层鳞屑，犹如轻刮蜡滴（蜡滴现象），刮去银白色鳞屑可见淡红色发光半透明薄膜（薄膜现象），剥去薄膜可见点状出血（</span><span style=\"font-size:15px;line-height:131%;font-family:&#39;Times New Roman&#39;,&#39;serif&#39;;color:#333333\">Auspitz</span><span style=\"font-size:15px;line-height:131%;font-family: 宋体;color:#333333\">征），后者由真皮乳头顶部迂曲扩张的毛细血管被刮破所致。蜡滴现象、薄膜现象与点状出血对银屑病有诊断价值。皮损可发生于全身各处</span> <span style=\"font-size:15px;line-height:131%;font-family:宋体;color:#333333\">但以四肢伸侧，特别是肘部、膝部和骶尾部最为常见，常呈对称性。不同部位的皮损也有所差异，面部皮损多为点滴状浸润性红斑、丘疹或脂溢性皮炎样改变；头皮皮损鳞屑较厚，常超出发际，头发呈束状（束状发）；腋下、乳房和腹股沟等皱褶部位常由于多汗和摩擦，导致皮损鳞屑减少并可出现糜烂、渗出及裂隙；少数损害可发生在唇、颊黏膜和龟头等处，颊黏膜损害为灰白色环状斑，龟头损害为境界清楚的暗红色斑块；甲受累多表现为</span> <span style=\"font-size:15px;line-height:131%;font-family:宋体;color:#333333\">“顶针状”凹陷。患者多自觉不同程度瘙痒。</span> <span style=\"font-size:15px;line-height:131%;font-family:宋体;color:#333333\">寻常型银屑病根据病情发展可分为三期：</span></p><p style=\"margin-top:0;margin-right:9px;margin-bottom:0;margin-left:2px;margin-bottom:0;text-align:justify;text-justify:inter-ideograph;line-height:131%\"><span style=\"font-size:15px;line-height:131%;font-family:&#39;Times New Roman&#39;,&#39;serif&#39;;color:#333333\">1.1</span><span style=\"font-size:15px;line-height:131%;font-family: 宋体;color:#333333\">进行期：旧皮损无消退，新皮损不断出现，皮损浸润炎症明显，周围可有红晕，鳞屑较厚；针刺、搔抓、手术等损伤可导致受损部位出现典型的银屑病皮损，称为同形反应或</span><span style=\"font-size:15px;line-height:131%;font-family:&#39;Times New Roman&#39;,&#39;serif&#39;;color:#333333\">Kobner</span><span style=\"font-size:15px;line-height:131%;font-family: 宋体;color:#333333\">现象；</span></p><p style=\"margin-top:0;margin-right:9px;margin-bottom:0;margin-left:2px;margin-bottom:0;text-align:justify;text-justify:inter-ideograph;line-height:131%\"><span style=\"font-size:15px;line-height:131%;font-family:&#39;Times New Roman&#39;,&#39;serif&#39;;color:#333333\">1.2</span><span style=\"font-size:15px;line-height:131%;font-family: 宋体;color:#333333\">静止期：皮损稳定，无新皮损出现，炎症较轻，鳞屑较多；</span></p><p style=\"margin-top:0;margin-right:9px;margin-bottom:0;margin-left:2px;margin-bottom:0;text-align:justify;text-justify:inter-ideograph;line-height:131%\"><span style=\"font-size:15px;line-height:131%;font-family:&#39;Times New Roman&#39;,&#39;serif&#39;;color:#333333\">1.3</span><span style=\"font-size:15px;line-height:131%;font-family: 宋体;color:#333333\">退行期：皮损缩小或变平，炎症基本消退，遗留色素减退或色素沉着斑。急性点滴状银屑病又称发疹性银屑病，常见于青年，发病前常有咽喉部的链球菌感染病史。起病急骤，数天可泛发全身，皮损为</span><span style=\"font-size:15px;line-height:131%;font-family:&#39;Times New Roman&#39;,&#39;serif&#39;;color:#333333\">0.3~0.5cm</span><span style=\"font-size:15px;line-height:131%;font-family: 宋体;color:#333333\">大小的丘疹、斑丘疹，</span> <span style=\"font-size:15px;line-height:131%;font-family:宋体;color:#333333\">泽潮红，覆以少许鳞屑，痒感程度不等。经适当治疗可在数周内消退，少数患者可转化为慢性病程。</span></p><p style=\"margin-top:0;margin-right:9px;margin-bottom:0;margin-left:2px;margin-bottom:0;text-align:justify;text-justify:inter-ideograph;line-height:131%\"><span style=\"font-size:15px;line-height:131%;font-family:&#39;Times New Roman&#39;,&#39;serif&#39;;color:#333333\">2.</span><span style=\"font-size:15px;line-height:131%;font-family: 宋体;color:#333333\">关节病型银屑病：</span> <span style=\"font-size:15px;line-height:131%;font-family:宋体;color:#333333\">除皮损外可出现关节病变，后者与皮损可同时或先后出现，任何关节均可受累，包括肘膝的大关节，指、趾小关节、脊椎及骶髂关节。可表现为关节肿胀和疼痛，活动受限，严重时出现关节畸形，呈进行性发展，但类风湿因子常阴性。</span><span style=\"font-size:15px;line-height:131%;font-family:&#39;Times New Roman&#39;,&#39;serif&#39;;color:#333333\">X</span><span style=\"font-size:15px;line-height:131%;font-family: 宋体;color:#333333\">线示软骨消失、骨质疏松、关节腔狭窄伴不同程度的关节侵蚀和软组织肿胀。</span></p><p style=\"margin-top:0;margin-right:9px;margin-bottom:0;margin-left:2px;margin-bottom:0;text-align:justify;text-justify:inter-ideograph;line-height:131%\"><span style=\"font-size:15px;line-height:131%;font-family:&#39;Times New Roman&#39;,&#39;serif&#39;;color:#333333\">3.</span><span style=\"font-size:15px;line-height:131%;font-family: 宋体;color:#333333\">红皮病型银屑病：</span> <span style=\"font-size:15px;line-height:131%;font-family:宋体;color:#333333\">表现为全身皮肤弥漫性潮红、浸润肿胀并伴有大量糠状鳞屑，其间可有片状正常皮肤（皮岛），可伴有全身症状如发热、表浅淋巴结肿大等全身症状。病程较长，易复发。</span></p><p style=\"margin-top:0;margin-right:9px;margin-bottom:0;margin-left:2px;margin-bottom:0;text-align:justify;text-justify:inter-ideograph;line-height:131%\"><span style=\"font-size:15px;line-height:131%;font-family:&#39;Times New Roman&#39;,&#39;serif&#39;;color:#333333\">4.</span><span style=\"font-size:15px;line-height:131%;font-family: 宋体;color:#333333\">脓包型银屑病：分为泛发性和局限性两型：</span></p><p style=\"margin-top:0;margin-right:9px;margin-bottom:0;margin-left:2px;margin-bottom:0;text-align:justify;text-justify:inter-ideograph;line-height:131%\"><span style=\"font-size:15px;line-height:131%;font-family:&#39;Times New Roman&#39;,&#39;serif&#39;;color:#333333\">4.1</span><span style=\"font-size:15px;line-height:131%;font-family: 宋体;color:#333333\">泛发性脓疱型银屑病：常急性发病，在寻常型银屑病皮损或无皮损的，正常皮肤上迅速出现针尖至粟粒大小、淡黄色或黄白色的浅在性无菌性小脓疱，常密集分布，可融合形成片状脓湖，皮损可迅速发展至全身，伴有肿胀和疼痛感。常伴全身症状，出现寒战和高热，呈弛张热型。患者可有沟状舌，指、趾甲可肥厚浑浊。</span> <span style=\"font-size:15px;line-height:131%;font-family:宋体;color:#333333\">一般</span><span style=\"font-size: 15px;line-height:131%;font-family:&#39;Times New Roman&#39;,&#39;serif&#39;;color:#333333\">1~2</span><span style=\"font-size:15px;line-height:131%;font-family:宋体;color:#333333\">周后脓疱干燥结痂，病情自然缓解，但可反复呈周期性发作；患者也可因继发感染，全身衰竭而死亡。</span></p><p><span style=\"font-size:15px;font-family: &#39;Times New Roman&#39;,&#39;serif&#39;;color:#333333\">4.2</span><span style=\"font-size:15px;font-family:宋体;color:#333333\">局限性脓疱型银屑病：皮损局限于手掌及足跖，对称分布</span> <span style=\"font-size:15px;font-family:宋体;color:#333333\">掌部好发于大小鱼际，可扩展到掌心、手背和手指，跖部好发于跖中部及内侧。皮损为成批发生在红斑基础上的小脓疱，</span><span style=\"font-size:15px;font-family:&#39;Times New Roman&#39;,&#39;serif&#39;;color:#333333\">l~2</span><span style=\"font-size:15px;font-family:宋体;color:#333333\">周后脓疱破裂、结痂、脱屑，新脓疱又可在鳞屑下出现，时轻时重，经久不愈。甲常受累，可出现点状凹陷、横沟、纵嵴、甲浑浊、甲剥离及甲下积脓等。</span></p><p><strong><span style=\"font-size:17px;font-family: 宋体;color:#333333\">患病率</span></strong></p><p><strong><span style=\"font-size:17px;font-family:宋体;color:#333333\">&nbsp;</span></strong></p><p style=\"margin-top:0;margin-right:9px;margin-bottom:0;margin-left:2px;margin-bottom:0;text-align:justify;text-justify:inter-ideograph;line-height:131%\"><a name=\"page13\"></a><span style=\"font-size:15px;line-height:131%;font-family:宋体;color:#333333\">本病的发病率在世界各地差异很大，与种族、地理位置、环境等因素有关。自然人群发病率为</span><span style=\"font-size:15px;line-height:131%;font-family:&#39;Times New Roman&#39;,&#39;serif&#39;;color:#333333\">0.1%~3%</span><span style=\"font-size:15px;line-height:131%;font-family: 宋体;color:#333333\">，我国为</span><span style=\"font-size:15px;line-height:131%;font-family:&#39;Times New Roman&#39;,&#39;serif&#39;;color:#333333\">0.123%</span><span style=\"font-size:15px;line-height:131%;font-family: 宋体;color:#333333\">，患者多为青壮年，无明显性别差异。</span></p><p style=\"line-height:99%\"><strong><span style=\"font-size:17px;line-height:99%;font-family: 宋体;color:#333333\">致病原因</span></strong></p><p style=\"margin-top:0;margin-right:9px;margin-bottom:0;margin-left:2px;margin-bottom:0;text-align:justify;text-justify:inter-ideograph;line-height:131%\"><span style=\"font-size:15px;line-height:131%;font-family:&#39;Times New Roman&#39;,&#39;serif&#39;;color:#333333\">&nbsp;</span></p><p style=\"margin-top:0;margin-right:9px;margin-bottom:0;margin-left:2px;margin-bottom:0;text-align:justify;text-justify:inter-ideograph;line-height:131%\"><span style=\"font-size:15px;line-height:131%;font-family:宋体;color:#333333\">银屑病的确切病因尚未清楚。目前认为，银屑病是遗传因素与环境因素等多种因素相互作用的多基因遗传病，通过免疫介导的共同通路最后引起角质形成细胞发生增殖。</span></p><p style=\"margin-top:0;margin-right:9px;margin-bottom:0;margin-left:2px;margin-bottom:0;text-align:justify;text-justify:inter-ideograph;line-height:131%\"><span style=\"font-size:15px;line-height:131%;font-family:&#39;Times New Roman&#39;,&#39;serif&#39;;color:#333333\">1.</span><span style=\"font-size:15px;line-height:131%;font-family: 宋体;color:#333333\">遗传因素：流行病学、</span><span style=\"font-size:15px;line-height:131%;font-family:&#39;Times New Roman&#39;,&#39;serif&#39;;color:#333333\">HLA</span><span style=\"font-size:15px;line-height:131%;font-family: 宋体;color:#333333\">分析和全基因扫描分析研究均支持银屑病的遗传倾向。</span><span style=\"font-size:15px;line-height:131%;font-family:&#39;Times New Roman&#39;,&#39;serif&#39;;color:#333333\">20%</span><span style=\"font-size:15px;line-height:131%;font-family: 宋体;color:#333333\">左右的银屑病有家族史，父母一方有银屑病时，子女银屑病的发病率为</span><span style=\"font-size:15px;line-height:131%;font-family:&#39;Times New Roman&#39;,&#39;serif&#39;;color:#333333\">16%</span><span style=\"font-size:15px;line-height:131%;font-family: 宋体;color:#333333\">左右；而父母均为银屑病患者时，子女银屑病的发病率达</span><span style=\"font-size:15px;line-height:131%;font-family:&#39;Times New Roman&#39;,&#39;serif&#39;;color:#333333\">50%</span><span style=\"font-size:15px;line-height:131%;font-family: 宋体;color:#333333\">。</span></p><p style=\"margin-top:0;margin-right:9px;margin-bottom:0;margin-left:2px;margin-bottom:0;text-align:justify;text-justify:inter-ideograph;line-height:131%\"><span style=\"font-size:15px;line-height:131%;font-family:&#39;Times New Roman&#39;,&#39;serif&#39;;color:#333333\">2.</span><span style=\"font-size:15px;line-height:131%;font-family: 宋体;color:#333333\">环境因素：仅有遗传因素不足以引起发病，环境因素在诱发及加重银屑病中起重要作用。可促发或加重银屑病的因素有感染、精神紧张和应激事件、外伤、手术、妊娠、吸烟和某些药物作用等，其中感染一直被认为是促发或加重银屑病的重要因素，例如点滴状银屑病发病前常有咽部急性链球菌感染史，给予抗生素治疗后病情常好转。</span></p><p style=\"margin-top:0;margin-right:9px;margin-bottom:0;margin-left:2px;margin-bottom:0;text-align:justify;text-justify:inter-ideograph;line-height:131%\"><span style=\"font-size:15px;line-height:131%;font-family:&#39;Times New Roman&#39;,&#39;serif&#39;;color:#333333\">3.</span><span style=\"font-size:15px;line-height:131%;font-family: 宋体;color:#333333\">免疫因素：</span> <span style=\"font-size:15px;line-height:131%;font-family:宋体;color:#333333\">寻常型银屑病皮损处淋巴细胞、单核细胞浸润明显，尤其是</span><span style=\"font-size:15px;line-height:131%;font-family:&#39;Times New Roman&#39;,&#39;serif&#39;;color:#333333\">T</span><span style=\"font-size:15px;line-height:131%;font-family: 宋体;color:#333333\">淋巴细胞真皮浸润为银屑病的重要病理特征，表明免疫系统参与该病的发生和发展。推测皮损中活化的</span><span style=\"font-size:15px;line-height:131%;font-family:&#39;Times New Roman&#39;,&#39;serif&#39;;color:#333333\">T</span><span style=\"font-size:15px;line-height:131%;font-family: 宋体;color:#333333\">淋巴细胞释放细胞因子（</span><span style=\"font-size:15px;line-height:131%;font-family:&#39;Times New Roman&#39;,&#39;serif&#39;;color:#333333\">IL-1</span><span style=\"font-size:15px;line-height:131%;font-family: 宋体;color:#333333\">、</span><span style=\"font-size:15px;line-height:131%;font-family: &#39;Times New Roman&#39;,&#39;serif&#39;;color:#333333\">-6</span><span style=\"font-size:15px;line-height:131%;font-family:宋体;color:#333333\">、</span><span style=\"font-size: 15px;line-height:131%;font-family:&#39;Times New Roman&#39;,&#39;serif&#39;;color:#333333\">-8</span><span style=\"font-size:15px;line-height:131%;font-family:宋体;color:#333333\">，</span><span style=\"font-size:15px;line-height:131%;font-family:&#39;Times New Roman&#39;,&#39;serif&#39;;color:#333333\">IFN-</span><span style=\"font-size:15px;line-height:131%;font-family: 宋体;color:#333333\">γ等）刺激角质形成细胞增生，促发并参与银屑病的发生发展。银屑病病理生理的一个重要特点是表皮基底层角质形成细胞增殖加速，有丝分裂周期缩短为</span><span style=\"font-size:15px;line-height:131%;font-family:&#39;Times New Roman&#39;,&#39;serif&#39;;color:#333333\">37.5</span><span style=\"font-size:15px;line-height:131%;font-family: 宋体;color:#333333\">小时，表皮更替时间缩短为</span><span style=\"font-size:15px;line-height:131%;font-family:&#39;Times New Roman&#39;,&#39;serif&#39;;color:#333333\">3~4</span><span style=\"font-size:15px;line-height:131%;font-family: 宋体;color:#333333\">天，组织病理出现角化不全，颗粒层消失。</span></p><p><br/></p>', '1', '123');
INSERT INTO `bingli` VALUES ('19', '7', '骨关节炎', '<p style=\"margin-top:0;margin-right:9px;margin-bottom:0;margin-left:2px;margin-bottom:0;text-align:justify;text-justify:inter-ideograph;line-height:131%\"><span style=\"font-size:15px;line-height:131%;font-family:宋体;color:#333333\">骨关节炎，也称退行性关节病、骨质增生、骨关节病，是由于关节软骨完整性破坏以及关节边缘软骨下骨板病变，导致关节症状和体征的一组异质性疾病。</span></p><p style=\"margin-top:0;margin-right:9px;margin-bottom:0;margin-left:2px;margin-bottom:0;text-align:justify;text-justify:inter-ideograph;line-height:131%\"><span style=\"font-size:15px;line-height:131%;font-family:宋体;color:#333333\">按有否明确病因，可分为原发性（特发性）和继发性关节炎；按关节分布可分为局限性和全身性关节炎；按是否伴有症状可分为症状性和无症状性（放射学）关节炎。</span></p><p style=\"margin-top:0;margin-right:9px;margin-bottom:0;margin-left:2px;margin-bottom:0;text-align:justify;text-justify:inter-ideograph;line-height:131%\"><span style=\"font-size:15px;line-height:131%;font-family:宋体;color:#333333\">临床表现随累及关节而异。一般起病隐匿，进展缓慢。主要临床表现是局部关节及其周围疼痛、僵硬以及病情进展后出现的关节骨性肥大、功能障碍等。</span></p><p style=\"margin-top:0;margin-right:9px;margin-bottom:0;margin-left:2px;margin-bottom:0;text-align:justify;text-justify:inter-ideograph;line-height:131%\"><span style=\"font-size:15px;line-height:131%;font-family:宋体;color:#333333\">疼痛是本病的主要症状，也是导致功能障碍的主要原因。特点为隐匿发作、持续钝痛，多发生于活动以后，休息可以缓解。随着病情进展，关节活动可因疼痛而受限，甚至休息时也可发生疼痛。睡眠时因关节周围肌肉受损，对关节保护功能降低，不能和清醒时一样限制引起疼痛的活动，患者可能痛醒。由于软骨缺乏感受疼痛的神经纤维，疼痛多为关节内高压刺激关节囊内痛觉神经纤维，或骨内高压刺激骨膜或骨周围神经纤维，或软骨下微骨折，或骨赘、关节周围肌肉以及滑液中前列腺素和其他细胞因子刺激滑膜感觉神经末梢所致。</span></p><p style=\"margin-top:0;margin-right:9px;margin-bottom:0;margin-left:2px;margin-bottom:0;text-align:justify;text-justify:inter-ideograph;line-height:131%\"><span style=\"font-size:15px;line-height:131%;font-family:宋体;color:#333333\">晨僵和黏着感，晨僵提示滑膜炎的存在。但和类风湿关节炎不同，时间比较短暂，一般不超过</span><span style=\"font-size:15px;line-height:131%;font-family:&#39;Times New Roman&#39;,&#39;serif&#39;;color:#333333\">30</span><span style=\"font-size:15px;line-height:131%;font-family: 宋体;color:#333333\">分钟。黏着感指关节静止一段时间后，开始活动时感到僵硬，如粘住一般，稍活动即可缓解。上述情况多见于老年人下肢关节。</span></p><p style=\"margin-top:0;margin-right:9px;margin-bottom:0;margin-left:2px;margin-bottom:0;text-align:justify;text-justify:inter-ideograph;line-height:131%\"><span style=\"font-size:15px;line-height:131%;font-family:宋体;color:#333333\">其他症状，随着病情进展，可出现关节挛曲、不稳定、休息痛、负重时疼痛加重。由于关节表面吻合性差、肌肉痉挛和收缩、关节囊收缩，以及骨刺或关节鼠引起机械性闭锁，可发生功能障碍。</span></p><p style=\"line-height:99%\"><strong><span style=\"font-size:17px;line-height:99%;font-family: 宋体;color:#333333\">患病率</span></strong></p><p style=\"line-height:19px\"><span style=\"font-family:&#39;Times New Roman&#39;,&#39;serif&#39;\">&nbsp;</span></p><p style=\"margin-top:0;margin-right:9px;margin-bottom:0;margin-left:2px;margin-bottom:0;text-align:justify;text-justify:inter-ideograph;line-height:131%\"><span style=\"font-size:15px;line-height:131%;font-family:宋体;color:#333333\">国内的初步调查显示，骨性关节炎的总患病率约为</span><span style=\"font-size: 15px;line-height:131%;font-family:&#39;Times New Roman&#39;,&#39;serif&#39;;color:#333333\">15%</span><span style=\"font-size:15px;line-height:131%;font-family:宋体;color:#333333\">，</span><span style=\"font-size:15px;line-height:131%;font-family:&#39;Times New Roman&#39;,&#39;serif&#39;;color:#333333\">40</span><span style=\"font-size:15px;line-height:131%;font-family: 宋体;color:#333333\">岁人群的患病率为</span><span style=\"font-size:15px;line-height:131%;font-family:&#39;Times New Roman&#39;,&#39;serif&#39;;color:#333333\">10%-17%</span><span style=\"font-size:15px;line-height:131%;font-family: 宋体;color:#333333\">，</span><span style=\"font-size:15px;line-height:131%;font-family: &#39;Times New Roman&#39;,&#39;serif&#39;;color:#333333\"> 60</span><span style=\"font-size:15px;line-height:131%;font-family:宋体;color:#333333\">岁以上则达</span><span style=\"font-size: 15px;line-height:131%;font-family:&#39;Times New Roman&#39;,&#39;serif&#39;;color:#333333\">50%</span><span style=\"font-size:15px;line-height:131%;font-family:宋体;color:#333333\">。而在</span><span style=\"font-size:15px;line-height:131%;font-family:&#39;Times New Roman&#39;,&#39;serif&#39;;color:#333333\">75</span><span style=\"font-size:15px;line-height:131%;font-family: 宋体;color:#333333\">岁以上人群中，</span><span style=\"font-size:15px;line-height:131%;font-family:&#39;Times New Roman&#39;,&#39;serif&#39;;color:#333333\">80%</span><span style=\"font-size:15px;line-height:131%;font-family: 宋体;color:#333333\">患有骨性关节炎。</span></p><p style=\"line-height:99%\"><strong><span style=\"font-size:17px;line-height:99%;font-family: 宋体;color:#333333\">致病原因</span></strong></p><p style=\"line-height:23px\"><span style=\"font-family:&#39;Times New Roman&#39;,&#39;serif&#39;\">&nbsp;</span></p><p style=\"margin-top:0;margin-right:9px;margin-bottom:0;margin-left:2px;margin-bottom:0;text-align:justify;text-justify:inter-ideograph;line-height:131%\"><span style=\"font-size:15px;line-height:131%;font-family:宋体;color:#333333\">病因可能与患者自身易感性，即一般易感因素，以及导致特殊关节、部位生物力学异常的环境因素，即机械因素有关。</span></p><p style=\"margin-top:0;margin-right:9px;margin-bottom:0;margin-left:2px;margin-bottom:0;text-align:justify;text-justify:inter-ideograph;line-height:131%\"><span style=\"font-size:15px;line-height:131%;font-family:&#39;Times New Roman&#39;,&#39;serif&#39;;color:#333333\">1.</span><span style=\"font-size:15px;line-height:131%;font-family: 宋体;color:#333333\">一般易感因素包括遗传因素、高龄、肥胖、性激素、骨密度、过度运动、吸烟以及存在其他疾病等。</span></p><p style=\"margin-top:0;margin-right:9px;margin-bottom:0;margin-left:2px;margin-bottom:0;text-align:justify;text-justify:inter-ideograph;line-height:131%\"><span style=\"font-size:15px;line-height:131%;font-family:&#39;Times New Roman&#39;,&#39;serif&#39;;color:#333333\">2.</span><span style=\"font-size:15px;line-height:131%;font-family: 宋体;color:#333333\">机械因素如创伤、关节形态异常、长期从事反复使用某些关节的职业或剧烈的文体活动等。</span></p><p style=\"margin-top:0;margin-right:9px;margin-bottom:0;margin-left:2px;margin-bottom:0;text-align:justify;text-justify:inter-ideograph;line-height:131%\"><span style=\"font-size:15px;line-height:131%;font-family:&#39;Times New Roman&#39;,&#39;serif&#39;;color:#333333\">3.</span><span style=\"font-size:15px;line-height:131%;font-family: 宋体;color:#333333\">发病机制</span> <span style=\"font-size:15px;line-height:131%;font-family:宋体;color:#333333\">对本病发病机制的了解还不充分。过去认为导致本病的主要原因是关节软骨消耗磨损，或者所谓“退行性变”所致。但这种观点不能解释本病发生、发展的全过程。近年来对软骨的结构、生化组成以及代谢变化的认识增多，加以软骨细胞培养、</span><span style=\"font-size:15px;line-height:131%;font-family:&#39;Times New Roman&#39;,&#39;serif&#39;;color:#333333\">OA</span><span style=\"font-size:15px;line-height:131%;font-family: 宋体;color:#333333\">动物模型的研究，现认为本病是多种因素联合作用的结果。主要有：</span></p><p style=\"margin-top:0;margin-right:9px;margin-bottom:0;margin-left:2px;margin-bottom:0;text-align:justify;text-justify:inter-ideograph;line-height:131%\"><span style=\"font-size:15px;line-height:131%;font-family:&#39;Times New Roman&#39;,&#39;serif&#39;;color:#333333\">3.1</span><span style=\"font-size:15px;line-height:131%;font-family: 宋体;color:#333333\">软骨基质合成和分解代谢失调。</span></p><p style=\"margin-top:0;margin-right:9px;margin-bottom:0;margin-left:2px;margin-bottom:0;text-align:justify;text-justify:inter-ideograph;line-height:131%\"><span style=\"font-size:15px;line-height:131%;font-family:&#39;Times New Roman&#39;,&#39;serif&#39;;color:#333333\">3.2</span><span style=\"font-size:15px;line-height:131%;font-family: 宋体;color:#333333\">软骨下骨板损害使软骨失去缓冲作用。</span></p><p style=\"margin-top:0;margin-right:9px;margin-bottom:0;margin-left:2px;margin-bottom:0;text-align:justify;text-justify:inter-ideograph;line-height:131%\"><span style=\"font-size:15px;line-height:131%;font-family:&#39;Times New Roman&#39;,&#39;serif&#39;;color:#333333\">3.3</span><span style=\"font-size:15px;line-height:131%;font-family: 宋体;color:#333333\">关节内局灶性炎症。</span></p><p><br/></p>', '1', '15000');
INSERT INTO `bingli` VALUES ('20', '8', '心房纤维性颤动', '<p style=\"margin-top:0;margin-right:9px;margin-bottom:0;margin-left:2px;margin-bottom:0;text-align:justify;text-justify:inter-ideograph;line-height:131%\"><span style=\"font-size:15px;line-height:131%;font-family:宋体;color:#333333\">是最常见的心律失常之一，是心房呈无序激动和无效收缩的房性节律，是由心房</span><span style=\"font-size:15px;line-height:131%;font-family: &#39;Times New Roman&#39;,&#39;serif&#39;;color:#333333\">-</span><span style=\"font-size:15px;line-height:131%;font-family:宋体;color:#333333\">主导折返环引起许多小折返环导致的房律紊乱，在老年人中十分常见。它几乎见于所有的器质性心脏病，在非器质性心脏病也可发生。房颤发病率高、持续时间长、还可引起严重的并发症，如心力衰竭和动脉栓塞。</span></p><p style=\"margin-top:0;margin-right:9px;margin-bottom:0;margin-left:2px;margin-bottom:0;text-align:justify;text-justify:inter-ideograph;line-height:131%\"><span style=\"font-size:15px;line-height:131%;font-family:宋体;color:#333333\">房颤不论性别、年龄、有无器质性疾病均可发生。但老年人居多，房颤既可以是心脏疾病，又可以是全身疾病的临床表现。</span></p><p style=\"line-height:99%\"><strong><span style=\"font-size:17px;line-height:99%;font-family: 宋体;color:#333333\">患病率</span></strong></p><p style=\"margin-top:0;margin-right:9px;margin-bottom:0;margin-left:2px;margin-bottom:0;text-align:justify;text-justify:inter-ideograph;line-height:131%\"><span style=\"font-size:15px;line-height:131%;font-family:&#39;Times New Roman&#39;,&#39;serif&#39;;color:#333333\">&nbsp;</span></p><p style=\"margin-top:0;margin-right:9px;margin-bottom:0;margin-left:2px;margin-bottom:0;text-align:justify;text-justify:inter-ideograph;line-height:131%\"><span style=\"font-size:15px;line-height:131%;font-family:宋体;color:#333333\">尽管房颤是很常见和心律失常，但在健康人群中的发生率并不高。而随着年龄的增长，房颤发生率呈急剧性的增加。据统计，成人发生率为</span><span style=\"font-size:15px;line-height:131%;font-family:&#39;Times New Roman&#39;,&#39;serif&#39;;color:#333333\">0.5%</span><span style=\"font-size:15px;line-height:131%;font-family: 宋体;color:#333333\">，</span><span style=\"font-size:15px;line-height:131%;font-family: &#39;Times New Roman&#39;,&#39;serif&#39;;color:#333333\">60</span><span style=\"font-size:15px;line-height:131%;font-family:宋体;color:#333333\">岁以上者在</span><span style=\"font-size: 15px;line-height:131%;font-family:&#39;Times New Roman&#39;,&#39;serif&#39;;color:#333333\">2%</span><span style=\"font-size:15px;line-height:131%;font-family:宋体;color:#333333\">～</span><span style=\"font-size:15px;line-height:131%;font-family:&#39;Times New Roman&#39;,&#39;serif&#39;;color:#333333\">4%</span><span style=\"font-size:15px;line-height:131%;font-family: 宋体;color:#333333\">，</span><span style=\"font-size:15px;line-height:131%;font-family: &#39;Times New Roman&#39;,&#39;serif&#39;;color:#333333\">60</span><span style=\"font-size:15px;line-height:131%;font-family:宋体;color:#333333\">岁以后每</span><span style=\"font-size: 15px;line-height:131%;font-family:&#39;Times New Roman&#39;,&#39;serif&#39;;color:#333333\">10</span><span style=\"font-size:15px;line-height:131%;font-family:宋体;color:#333333\">年发病增加</span><span style=\"font-size:15px;line-height:131%;font-family:&#39;Times New Roman&#39;,&#39;serif&#39;;color:#333333\">1</span><span style=\"font-size:15px;line-height:131%;font-family: 宋体;color:#333333\">倍，</span><span style=\"font-size:15px;line-height:131%;font-family:&#39;Times New Roman&#39;,&#39;serif&#39;;color:#333333\">80</span><span style=\"font-size:15px;line-height:131%;font-family: 宋体;color:#333333\">岁以后发病率可达</span><span style=\"font-size:15px;line-height:131%;font-family:&#39;Times New Roman&#39;,&#39;serif&#39;;color:#333333\">8%</span><span style=\"font-size:15px;line-height:131%;font-family: 宋体;color:#333333\">～</span><span style=\"font-size:15px;line-height:131%;font-family: &#39;Times New Roman&#39;,&#39;serif&#39;;color:#333333\">10%</span><span style=\"font-size:15px;line-height:131%;font-family:宋体;color:#333333\">。</span><span style=\"font-size: 15px;line-height:131%;font-family:&#39;Times New Roman&#39;,&#39;serif&#39;;color:#333333\">Framingham</span><span style=\"font-size:15px;line-height:131%;font-family:宋体;color:#333333\">心脏研究的</span><span style=\"font-size:15px;line-height:131%;font-family:&#39;Times New Roman&#39;,&#39;serif&#39;;color:#333333\">42</span><span style=\"font-size:15px;line-height:131%;font-family: 宋体;color:#333333\">年随访观察表现房颤的发病率：男性</span><span style=\"font-size:15px;line-height:131%;font-family:&#39;Times New Roman&#39;,&#39;serif&#39;;color:#333333\">2.15%</span><span style=\"font-size:15px;line-height:131%;font-family: 宋体;color:#333333\">，女性</span><span style=\"font-size:15px;line-height:131%;font-family:&#39;Times New Roman&#39;,&#39;serif&#39;;color:#333333\">1.71%</span><span style=\"font-size:15px;line-height:131%;font-family: 宋体;color:#333333\">。房颤在心脏病患者中的发生率约为</span><span style=\"font-size:15px;line-height:131%;font-family:&#39;Times New Roman&#39;,&#39;serif&#39;;color:#333333\">4%</span><span style=\"font-size:15px;line-height:131%;font-family: 宋体;color:#333333\">，在心脏病的进展期甚至高达</span><span style=\"font-size:15px;line-height:131%;font-family:&#39;Times New Roman&#39;,&#39;serif&#39;;color:#333333\">40%</span><span style=\"font-size:15px;line-height:131%;font-family: 宋体;color:#333333\">。合并房颤后心脏死亡率增加</span><span style=\"font-size:15px;line-height:131%;font-family:&#39;Times New Roman&#39;,&#39;serif&#39;;color:#333333\">2</span><span style=\"font-size:15px;line-height:131%;font-family: 宋体;color:#333333\">倍，如无适当抗凝脑卒中高</span><span style=\"font-size:15px;line-height:131%;font-family:&#39;Times New Roman&#39;,&#39;serif&#39;;color:#333333\">5</span><span style=\"font-size:15px;line-height:131%;font-family: 宋体;color:#333333\">倍。孤立性房颤缺血性脑卒中的危险增加仅发生在</span><span style=\"font-size:15px;line-height:131%;font-family:&#39;Times New Roman&#39;,&#39;serif&#39;;color:#333333\">60</span><span style=\"font-size:15px;line-height:131%;font-family: 宋体;color:#333333\">岁以上的患者。房颤是目前因心律失常而住院的最常见原因，仅在美国大约有</span><span style=\"font-size:15px;line-height:131%;font-family:&#39;Times New Roman&#39;,&#39;serif&#39;;color:#333333\">150</span><span style=\"font-size:15px;line-height:131%;font-family: 宋体;color:#333333\">多万慢性房颤患者。</span></p><p style=\"line-height:99%\"><strong><span style=\"font-size:17px;line-height:99%;font-family: 宋体;color:#333333\">致病原因</span></strong></p><p style=\"line-height:23px\"><span style=\"font-family:&#39;Times New Roman&#39;,&#39;serif&#39;\">&nbsp;</span></p><p style=\"margin-top:0;margin-right:9px;margin-bottom:0;margin-left:2px;margin-bottom:0;text-align:justify;text-justify:inter-ideograph;line-height:131%\"><span style=\"font-size:15px;line-height:131%;font-family:宋体;color:#333333\">引起房颤的病因很多，主要为心脏本身的疾患。发达国家以冠心病、心肌疾病为主，发展中国家则以风湿性心脏瓣膜病为最多，老年人可由于隐匿的甲状腺功能亢进症或房间隔缺损所致。少数房颤找不到明确病因，被称为孤立性房颤或特发性房颤。</span></p><p style=\"margin-top:0;margin-right:9px;margin-bottom:0;margin-left:2px;margin-bottom:0;text-align:justify;text-justify:inter-ideograph;line-height:131%\"><span style=\"font-size:15px;line-height:131%;font-family:&#39;Times New Roman&#39;,&#39;serif&#39;;color:#333333\">1.</span><span style=\"font-size:15px;line-height:131%;font-family: 宋体;color:#333333\">风湿性心脏瓣膜病</span></p><p style=\"margin-top:0;margin-right:9px;margin-bottom:0;margin-left:2px;margin-bottom:0;text-align:justify;text-justify:inter-ideograph;line-height:131%\"><span style=\"font-size:15px;line-height:131%;font-family:宋体;color:#333333\">风湿性心脏瓣膜病仍是房颤的最常见原因，尤其多见于二尖瓣狭窄合并关闭不全。其中，二尖瓣狭窄患者当中，心房纤颤为</span><span style=\"font-size:15px;line-height:131%;font-family:&#39;Times New Roman&#39;,&#39;serif&#39;;color:#333333\">41%</span><span style=\"font-size:15px;line-height:131%;font-family: 宋体;color:#333333\">，主动脉瓣病变发生房颤的机会较小。患者发生房颤的平均年龄大约为</span><span style=\"font-size:15px;line-height:131%;font-family:&#39;Times New Roman&#39;,&#39;serif&#39;;color:#333333\">37</span><span style=\"font-size:15px;line-height:131%;font-family: 宋体;color:#333333\">岁，以女性居多。</span> <span style=\"font-size:15px;line-height:131%;font-family:宋体;color:#333333\">风湿性心脏瓣膜病发生房颤的机理与左房扩大、心房压力升高及心房肌病变有关。心房扩大、压力升高及心房肌纤维化病变导致心房肌各部分的不应期很不均匀，从而诱发房颤的发生。</span></p><p style=\"margin-top:0;margin-right:9px;margin-bottom:0;margin-left:2px;margin-bottom:0;text-align:justify;text-justify:inter-ideograph;line-height:131%\"><span style=\"font-size:15px;line-height:131%;font-family:&#39;Times New Roman&#39;,&#39;serif&#39;;color:#333333\">2.</span><span style=\"font-size:15px;line-height:131%;font-family: 宋体;color:#333333\">冠心病</span></p><p style=\"margin-top:0;margin-right:9px;margin-bottom:0;margin-left:2px;margin-bottom:0;text-align:justify;text-justify:inter-ideograph;line-height:131%\"><span style=\"font-size:15px;line-height:131%;font-family:宋体;color:#333333\">随着冠心病发病率的增加，在很多国家和地区，冠心病已成为房颤的首要原因，老年人所占比例较高。但房颤并不是冠心病的常见临床表现，在冠状动脉造影中显示有明显冠状动脉狭窄者中，发生房颤者占</span><span style=\"font-size:15px;line-height:131%;font-family:&#39;Times New Roman&#39;,&#39;serif&#39;;color:#333333\">0.6%</span><span style=\"font-size:15px;line-height:131%;font-family: 宋体;color:#333333\">～</span><span style=\"font-size:15px;line-height:131%;font-family: &#39;Times New Roman&#39;,&#39;serif&#39;;color:#333333\">0.8%</span><span style=\"font-size: 15px;line-height:131%;font-family:宋体;color:#333333\">，急性心肌梗死者，房颤的发生率占</span><span style=\"font-size:15px;line-height:131%;font-family: &#39;Times New Roman&#39;,&#39;serif&#39;;color:#333333\">10%</span><span style=\"font-size:15px;line-height:131%;font-family:宋体;color:#333333\">～</span><span style=\"font-size: 15px;line-height:131%;font-family:&#39;Times New Roman&#39;,&#39;serif&#39;;color:#333333\">15%</span><span style=\"font-size:15px;line-height:131%;font-family:宋体;color:#333333\">。</span></p><p style=\"margin-top:0;margin-right:9px;margin-bottom:0;margin-left:2px;margin-bottom:0;text-align:justify;text-justify:inter-ideograph;line-height:131%\"><span style=\"font-size:15px;line-height:131%;font-family:&#39;Times New Roman&#39;,&#39;serif&#39;;color:#333333\">3.</span><span style=\"font-size:15px;line-height:131%;font-family: 宋体;color:#333333\">心肌病</span></p><p style=\"margin-top:0;margin-right:9px;margin-bottom:0;margin-left:2px;margin-bottom:0;text-align:justify;text-justify:inter-ideograph;line-height:131%\"><span style=\"font-size:15px;line-height:131%;font-family:宋体;color:#333333\">各种类型的心肌病均可以发生房颤，发生率在</span><span style=\"font-size: 15px;line-height:131%;font-family:&#39;Times New Roman&#39;,&#39;serif&#39;;color:#333333\">10%</span><span style=\"font-size:15px;line-height:131%;font-family:宋体;color:#333333\">～</span><span style=\"font-size:15px;line-height:131%;font-family:&#39;Times New Roman&#39;,&#39;serif&#39;;color:#333333\">50%</span><span style=\"font-size:15px;line-height:131%;font-family: 宋体;color:#333333\">之间，成人多见，儿童也可发生。以原发性充血性心肌病为主，约占</span><span style=\"font-size:15px;line-height:131%;font-family:&#39;Times New Roman&#39;,&#39;serif&#39;;color:#333333\">20%</span><span style=\"font-size:15px;line-height:131%;font-family: 宋体;color:#333333\">。</span></p><p style=\"margin-top:0;margin-right:9px;margin-bottom:0;margin-left:2px;margin-bottom:0;text-align:justify;text-justify:inter-ideograph;line-height:131%\"><span style=\"font-size:15px;line-height:131%;font-family:&#39;Times New Roman&#39;,&#39;serif&#39;;color:#333333\">4.</span><span style=\"font-size:15px;line-height:131%;font-family: 宋体;color:#333333\">高血压性心脏病</span></p><p style=\"margin-top:0;margin-right:9px;margin-bottom:0;margin-left:2px;margin-bottom:0;text-align:justify;text-justify:inter-ideograph;line-height:131%\"><span style=\"font-size:15px;line-height:131%;font-family:宋体;color:#333333\">高血压在房颤原因中的比率为</span><span style=\"font-size:15px;line-height:131%;font-family:&#39;Times New Roman&#39;,&#39;serif&#39;;color:#333333\">9.3%</span><span style=\"font-size:15px;line-height:131%;font-family:宋体;color:#333333\">～</span><span style=\"font-size:15px;line-height:131%;font-family:&#39;Times New Roman&#39;,&#39;serif&#39;;color:#333333\">22.6%</span><span style=\"font-size:15px;line-height:131%;font-family: 宋体;color:#333333\">。房颤的发生与高血压病所致肥厚心肌的心电生理异常、肥厚心肌缺血及肥厚心肌纤维化有关。由于心肌肥厚及纤维化、心室顺应性减退、心房压升高及左房增大，加上心肌缺血，从而诱发房性电生理紊乱，而导致房颤。</span></p><p style=\"margin-top:0;margin-right:9px;margin-bottom:0;margin-left:2px;margin-bottom:0;text-align:justify;text-justify:inter-ideograph;line-height:131%\"><span style=\"font-size:15px;line-height:131%;font-family:&#39;Times New Roman&#39;,&#39;serif&#39;;color:#333333\">5.</span><span style=\"font-size:15px;line-height:131%;font-family: 宋体;color:#333333\">缩窄性心包炎</span></p><p style=\"margin-top:0;margin-right:9px;margin-bottom:0;margin-left:2px;margin-bottom:0;text-align:justify;text-justify:inter-ideograph;line-height:131%\"><a name=\"page17\"></a><span style=\"font-size:15px;line-height:131%;font-family:宋体;color:#333333\">一般病人的发病率为</span><span style=\"font-size:15px;line-height:131%;font-family:&#39;Times New Roman&#39;,&#39;serif&#39;;color:#333333\">22%</span><span style=\"font-size:15px;line-height:131%;font-family:宋体;color:#333333\">～</span><span style=\"font-size:15px;line-height:131%;font-family:&#39;Times New Roman&#39;,&#39;serif&#39;;color:#333333\">36%</span><span style=\"font-size:15px;line-height:131%;font-family: 宋体;color:#333333\">，高龄患者房颤发生率可达</span><span style=\"font-size:15px;line-height:131%;font-family:&#39;Times New Roman&#39;,&#39;serif&#39;;color:#333333\">70%</span><span style=\"font-size:15px;line-height:131%;font-family: 宋体;color:#333333\">，心包积液也可伴发房颤。</span></p><p style=\"margin-top:0;margin-right:9px;margin-bottom:0;margin-left:2px;margin-bottom:0;text-align:justify;text-justify:inter-ideograph;text-indent:0;line-height:131%\"><span style=\"font-size:15px;line-height:131%;font-family:&#39;Times New Roman&#39;,&#39;serif&#39;;color:#333333\">6.</span><span style=\"font-size:15px;line-height:131%;font-family: 宋体;color:#333333\">肺心病</span></p><p style=\"margin-top:0;margin-right:9px;margin-bottom:0;margin-left:2px;margin-bottom:0;text-align:justify;text-justify:inter-ideograph;line-height:131%\"><span style=\"font-size:15px;line-height:131%;font-family:宋体;color:#333333\">肺心病发生房颤有报道为</span><span style=\"font-size:15px;line-height:131%;font-family:&#39;Times New Roman&#39;,&#39;serif&#39;;color:#333333\">4%</span><span style=\"font-size:15px;line-height:131%;font-family:宋体;color:#333333\">～</span><span style=\"font-size:15px;line-height:131%;font-family:&#39;Times New Roman&#39;,&#39;serif&#39;;color:#333333\">5%</span><span style=\"font-size:15px;line-height:131%;font-family: 宋体;color:#333333\">。常呈阵发性，其原因与肺内反复感染、长期缺氧、酸中毒及电解质紊乱有关。</span></p><p style=\"margin-top:0;margin-right:9px;margin-bottom:0;margin-left:2px;margin-bottom:0;text-align:justify;text-justify:inter-ideograph;line-height:131%\"><span style=\"font-size:15px;line-height:131%;font-family:&#39;Times New Roman&#39;,&#39;serif&#39;;color:#333333\">7.</span><span style=\"font-size:15px;line-height:131%;font-family: 宋体;color:#333333\">先天性心脏病</span></p><p style=\"margin-top:0;margin-right:9px;margin-bottom:0;margin-left:2px;margin-bottom:0;text-align:justify;text-justify:inter-ideograph;line-height:131%\"><span style=\"font-size:15px;line-height:131%;font-family:宋体;color:#333333\">在先天性心脏病中，房颤主要见于房间隔缺损。</span></p><p style=\"margin-top:0;margin-right:9px;margin-bottom:0;margin-left:2px;margin-bottom:0;text-align:justify;text-justify:inter-ideograph;line-height:131%\"><span style=\"font-size:15px;line-height:131%;font-family:&#39;Times New Roman&#39;,&#39;serif&#39;;color:#333333\">8. </span><span style=\"font-size:15px;line-height: 131%;font-family:宋体;color:#333333\">病态窦房结综合综合征</span></p><p style=\"margin-top:0;margin-right:9px;margin-bottom:0;margin-left:2px;margin-bottom:0;text-align:justify;text-justify:inter-ideograph;line-height:131%\"><span style=\"font-size:15px;line-height:131%;font-family:&#39;Times New Roman&#39;,&#39;serif&#39;;color:#333333\">1967</span><span style=\"font-size:15px;line-height:131%;font-family: 宋体;color:#333333\">年</span><span style=\"font-size:15px;line-height:131%;font-family: &#39;Times New Roman&#39;,&#39;serif&#39;;color:#333333\">Lown</span><span style=\"font-size: 15px;line-height:131%;font-family:宋体;color:#333333\">提出了病态窦房结综合综合征的概念，其中包括持续性窦性心动过缓，窦性停搏和窦房阻滞及心动过缓</span><span style=\"font-size:15px;line-height:131%;font-family:&#39;Times New Roman&#39;,&#39;serif&#39;;color:#333333\">-</span><span style=\"font-size:15px;line-height:131%;font-family: 宋体;color:#333333\">心动过速，这里的心动过速包括房颤。当窦性心动过缓时，心房的异位兴奋性便增强，而易于发生房颤。</span></p><p style=\"margin-top:0;margin-right:9px;margin-bottom:0;margin-left:2px;margin-bottom:0;text-align:justify;text-justify:inter-ideograph;line-height:131%\"><span style=\"font-size:15px;line-height:131%;font-family:&#39;Times New Roman&#39;,&#39;serif&#39;;color:#333333\">9.</span><span style=\"font-size:15px;line-height:131%;font-family: 宋体;color:#333333\">预激综合征</span></p><p style=\"margin-top:0;margin-right:9px;margin-bottom:0;margin-left:2px;margin-bottom:0;text-align:justify;text-justify:inter-ideograph;line-height:131%\"><span style=\"font-size:15px;line-height:131%;font-family:宋体;color:#333333\">预激综合征的主要并发症是阵发性房室折返性心动过速，其次为房颤。房颤的发生率约占</span><span style=\"font-size:15px;line-height:131%;font-family: &#39;Times New Roman&#39;,&#39;serif&#39;;color:#333333\">12%</span><span style=\"font-size:15px;line-height:131%;font-family:宋体;color:#333333\">～</span><span style=\"font-size: 15px;line-height:131%;font-family:&#39;Times New Roman&#39;,&#39;serif&#39;;color:#333333\">18%</span><span style=\"font-size:15px;line-height:131%;font-family:宋体;color:#333333\">。一般认为心室预激的房颤发生率与年龄有关，儿童患者很少发生，而高龄患者则房颤发生率较高。心室预激发生房颤的机制目前不甚明了，可能与预激引起的室上速发作，导致心房肌电生理不稳定，或室性期前收缩，经房室旁路逆传心房，恰遇心房易损期而导致的房颤有关。另外，旁路前传不应期短也易诱发房颤。</span></p><p style=\"margin-top:0;margin-right:9px;margin-bottom:0;margin-left:2px;margin-bottom:0;text-align:justify;text-justify:inter-ideograph;line-height:131%\"><span style=\"font-size:15px;line-height:131%;font-family:&#39;Times New Roman&#39;,&#39;serif&#39;;color:#333333\">10.</span><span style=\"font-size:15px;line-height:131%;font-family: 宋体;color:#333333\">甲状腺功能亢进</span></p><p style=\"margin-top:0;margin-right:9px;margin-bottom:0;margin-left:2px;margin-bottom:0;text-align:justify;text-justify:inter-ideograph;line-height:131%\"><span style=\"font-size:15px;line-height:131%;font-family:宋体;color:#333333\">房颤是甲亢的主要症状之一，甲亢患者中房颤的发生率在</span><span style=\"font-size:15px;line-height:131%;font-family: &#39;Times New Roman&#39;,&#39;serif&#39;;color:#333333\">15%</span><span style=\"font-size:15px;line-height:131%;font-family:宋体;color:#333333\">～</span><span style=\"font-size: 15px;line-height:131%;font-family:&#39;Times New Roman&#39;,&#39;serif&#39;;color:#333333\">20%</span><span style=\"font-size:15px;line-height:131%;font-family:宋体;color:#333333\">。老年人甲亢者可能存在心肌的器质性损害，易发生慢性房颤。</span></p><p style=\"margin-top:0;margin-right:9px;margin-bottom:0;margin-left:2px;margin-bottom:0;text-align:justify;text-justify:inter-ideograph;line-height:131%\"><span style=\"font-size:15px;line-height:131%;font-family:&#39;Times New Roman&#39;,&#39;serif&#39;;color:#333333\">11.</span><span style=\"font-size:15px;line-height:131%;font-family: 宋体;color:#333333\">年龄因素</span></p><p><span style=\"font-size:15px;font-family:宋体;color:#333333\">随着年龄的增长，窦房结发生退行性变，容易发生房颤。</span></p><p><br/></p>', '1', '5000');
INSERT INTO `bingli` VALUES ('21', '9', '斑秃', '<p style=\"margin-top:0;margin-right:9px;margin-bottom:0;margin-left:2px;margin-bottom:0;text-align:justify;text-justify:inter-ideograph;line-height:131%\"><span style=\"font-size:15px;line-height:131%;font-family:宋体;color:#333333\">斑秃是一种非瘢痕性的炎症性脱发性疾病，常见的临床表现是头部出现边界清晰的圆形斑状脱发，大约半数病人病情反复发作，可迁延数年或数十年。少数病人病情严重，毛发脱落可累及整个头部的终毛（全秃），甚至累及全身的毳毛脱落（普秃）胆剖。脱发对患者的心理、工作和社会活动均产生严重影响。斑秃的临床分类包括斑状</span><span style=\"font-size:15px;line-height:131%;font-family:&#39;Times New Roman&#39;,&#39;serif&#39;;color:#333333\">(</span><span style=\"font-size:15px;line-height:131%;font-family: 宋体;color:#333333\">单发性和多发性</span><span style=\"font-size:15px;line-height:131%;font-family:&#39;Times New Roman&#39;,&#39;serif&#39;;color:#333333\">)</span><span style=\"font-size:15px;line-height:131%;font-family: 宋体;color:#333333\">、网状型</span><span style=\"font-size:15px;line-height:131%;font-family:&#39;Times New Roman&#39;,&#39;serif&#39;;color:#333333\">(</span><span style=\"font-size:15px;line-height:131%;font-family: 宋体;color:#333333\">多发性斑块型的重型</span><span style=\"font-size:15px;line-height:131%;font-family:&#39;Times New Roman&#39;,&#39;serif&#39;;color:#333333\">)</span><span style=\"font-size:15px;line-height:131%;font-family: 宋体;color:#333333\">、带状、弥漫性、全秃和普秃。</span></p><p style=\"margin-top:0;margin-right:9px;margin-bottom:0;margin-left:2px;margin-bottom:0;text-align:justify;text-justify:inter-ideograph;line-height:131%\"><span style=\"font-size:15px;line-height:131%;font-family:宋体;color:#333333\">斑秃可发生于任何年龄，但以青壮年多见，两性发病率无明显差异。皮损表现为圆形或卵圆形非瘢痕性脱发，在斑秃边缘常可见“感叹号”样毛发。头发全部或几乎全部脱落，称为全秃。全身所有的毛发（包括体毛）都脱落，称为普脱。还可见匍行性脱发。病区皮肤除无毛发外，不存在其他异常。</span></p><p style=\"margin-top:0;margin-right:9px;margin-bottom:0;margin-left:2px;margin-bottom:0;text-align:justify;text-justify:inter-ideograph;line-height:131%\"><span style=\"font-size:15px;line-height:131%;font-family:宋体;color:#333333\">有时可出现甲异常，最常见的是甲凹陷，还有脆甲、甲剥离、反甲等。还可并发眼白内障、</span><span style=\"font-size:15px;line-height:131%;font-family: &#39;Times New Roman&#39;,&#39;serif&#39;;color:#333333\">Down</span><span style=\"font-size: 15px;line-height:131%;font-family:宋体;color:#333333\">综合征、甲状腺病和白癜风等。</span></p><p style=\"line-height:99%\"><strong><span style=\"font-size:17px;line-height:99%;font-family: 宋体;color:#333333\">患病率</span></strong></p><p style=\"line-height:19px\"><span style=\"font-family:&#39;Times New Roman&#39;,&#39;serif&#39;\">&nbsp;</span></p><p style=\"margin-top:0;margin-right:9px;margin-bottom:0;margin-left:2px;margin-bottom:0;text-align:justify;text-justify:inter-ideograph;line-height:131%\"><span style=\"font-size:15px;line-height:131%;font-family:宋体;color:#333333\">每十万人发病率：</span><span style=\"font-size:15px;line-height:131%;font-family:&#39;Times New Roman&#39;,&#39;serif&#39;;color:#333333\">200/10</span><span style=\"font-size:15px;line-height:131%;font-family:宋体;color:#333333\">万</span></p><p><span style=\"font-size:15px;font-family:宋体;color:#333333\">斑秃发病率较高</span><span style=\"font-size:15px;font-family:&#39;Times New Roman&#39;,&#39;serif&#39;;color:#333333\">,</span><span style=\"font-size:15px;font-family:宋体;color:#333333\">有报道在英国和美国可占到皮肤科门诊新患者的</span><span style=\"font-size:15px;font-family:&#39;Times New Roman&#39;,&#39;serif&#39;;color:#333333\">2%</span><span style=\"font-size:15px;font-family:宋体;color:#333333\">。美国</span><span style=\"font-size:15px;font-family:&#39;Times New Roman&#39;,&#39;serif&#39;;color:#333333\">1971</span><span style=\"font-size:15px;font-family:宋体;color:#333333\">年到</span><span style=\"font-size:15px;font-family:&#39;Times New Roman&#39;,&#39;serif&#39;;color:#333333\">1974</span><span style=\"font-size:15px;font-family:宋体;color:#333333\">年的统计数据表明斑秃的发病率占一般人群的</span><span style=\"font-size:15px;font-family:&#39;Times New Roman&#39;,&#39;serif&#39;;color:#333333\">0.1%~0.2%</span><span style=\"font-size:15px;font-family:宋体;color:#333333\">，终生患病风险为</span><span style=\"font-size:15px;font-family:&#39;Times New Roman&#39;,&#39;serif&#39;;color:#333333\">1.7%</span><span style=\"font-size:15px;font-family:宋体;color:#333333\">，仅仅在美国就有大约</span><span style=\"font-size:15px;font-family:&#39;Times New Roman&#39;,&#39;serif&#39;;color:#333333\">460</span><span style=\"font-size:15px;font-family:宋体;color:#333333\">万的斑秃患者。我国目前尚无大规模的斑秃流行病学调查资料。斑秃可发生于各个种族</span><span style=\"font-size:15px;font-family:&#39;Times New Roman&#39;,&#39;serif&#39;;color:#333333\">,</span><span style=\"font-size:15px;font-family:宋体;color:#333333\">但在非洲土著人中非常罕见。</span></p><p style=\"line-height:99%\"><strong><span style=\"font-size:17px;line-height:99%;font-family: 宋体;color:#333333\">致病原因</span></strong></p><p style=\"line-height:23px\"><span style=\"font-family:&#39;Times New Roman&#39;,&#39;serif&#39;\">&nbsp;</span></p><p style=\"margin-top:0;margin-right:9px;margin-bottom:0;margin-left:2px;margin-bottom:0;text-align:justify;text-justify:inter-ideograph;line-height:131%\"><span style=\"font-size:15px;line-height:131%;font-family:宋体;color:#333333\">目前对斑秃的发病原因及其机制尚不完全清楚，目前认为可能与精神刺激、过度紧张、机体劳累、自身</span> <span style=\"font-size:15px;line-height:131%;font-family:宋体;color:#333333\">免疫缺陷及遗传等因素有关。</span></p><p style=\"margin-top:0;margin-right:9px;margin-bottom:0;margin-left:2px;margin-bottom:0;text-align:justify;text-justify:inter-ideograph;line-height:131%\"><span style=\"font-size:15px;line-height:131%;font-family:&#39;Times New Roman&#39;,&#39;serif&#39;;color:#333333\">1. </span><span style=\"font-size:15px;line-height: 131%;font-family:宋体;color:#333333\">精神因素</span></p><p style=\"margin-top:0;margin-right:9px;margin-bottom:0;margin-left:2px;margin-bottom:0;text-align:justify;text-justify:inter-ideograph;line-height:131%\"><span style=\"font-size:15px;line-height:131%;font-family:宋体;color:#333333\">根据资料显示，曾有学者对门诊就诊的</span><span style=\"font-size:15px;line-height:131%;font-family:&#39;Times New Roman&#39;,&#39;serif&#39;;color:#333333\">108</span><span style=\"font-size:15px;line-height:131%;font-family:宋体;color:#333333\">例斑秃患者进行发病原因的临床分析调查，得到如下结果：在</span><span style=\"font-size:15px;line-height:131%;font-family: &#39;Times New Roman&#39;,&#39;serif&#39;;color:#333333\">108</span><span style=\"font-size:15px;line-height:131%;font-family:宋体;color:#333333\">例患者中发病前有明确诱因</span><span style=\"font-size:15px;line-height:131%;font-family: &#39;Times New Roman&#39;,&#39;serif&#39;;color:#333333\">79</span><span style=\"font-size:15px;line-height:131%;font-family:宋体;color:#333333\">例，其中与精神神经因素与斑秃的发生有着密切的关系，尤其是一些生活突发事件。实验中还发现患者中脑力劳动者高于体力劳动者，性格内向型者高于性格外向型者。这一现象也同样表明斑秃的发病可能与精神或神经因素存在较为密切的关系。精神因素又分为三个大类</span><span style=\"font-size:15px;line-height:131%;font-family:&#39;Times New Roman&#39;,&#39;serif&#39;;color:#333333\">:</span><span style=\"font-size:15px;line-height:131%;font-family: 宋体;color:#333333\">个人因素</span><span style=\"font-size:15px;line-height:131%;font-family:&#39;Times New Roman&#39;,&#39;serif&#39;;color:#333333\">,</span><span style=\"font-size:15px;line-height:131%;font-family: 宋体;color:#333333\">家庭因素和工作因素。有调查发现</span><span style=\"font-size:15px;line-height:131%;font-family:&#39;Times New Roman&#39;,&#39;serif&#39;;color:#333333\">: </span><span style=\"font-size:15px;line-height:131%;font-family: 宋体;color:#333333\">个人因素中以参加学习考核为主要发病诱因；家庭因素中有生活纠纷的患者居多；工作因素中以长期处于高度紧张工作状态的患者占绝大多数。</span></p><p style=\"margin-top:0;margin-right:9px;margin-bottom:0;margin-left:2px;margin-bottom:0;text-align:justify;text-justify:inter-ideograph;line-height:131%\"><span style=\"font-size:15px;line-height:131%;font-family:宋体;color:#333333\">免疫因素免疫功能异常目前也被认为是斑秃发生的主要因素。临床上发现斑秃患者常伴有毒性弥漫性甲状腺肿、肾上腺功能减退、糖尿病、自身免疫性溶血性贫血等自身免疫性疾病，因此斑秃的发生可能与自身免疫有着密切的关系。大量实验表明，斑秃是由</span><span style=\"font-size:15px;line-height:131%;font-family:&#39;Times New Roman&#39;,&#39;serif&#39;;color:#333333\">T</span><span style=\"font-size:15px;line-height:131%;font-family: 宋体;color:#333333\">淋巴细胞介导的自身免疫性疾病。患者常有以下病理标志性变化，皮损处毛囊周围</span><span style=\"font-size:15px;line-height:131%;font-family:&#39;Times New Roman&#39;,&#39;serif&#39;;color:#333333\">T</span><span style=\"font-size:15px;line-height:131%;font-family: 宋体;color:#333333\">淋巴细胞浸润，以及毛囊上皮、毛球部毛母质细胞上主要组织相容性抗原和角质形成细胞表面的细胞间黏附分子的异常表达。</span><span style=\"font-size:15px;line-height:131%;font-family:&#39;Times New Roman&#39;,&#39;serif&#39;;color:#333333\">Gilhar</span><span style=\"font-size:15px;line-height:131%;font-family: 宋体;color:#333333\">等学者通过设计实验对</span><span style=\"font-size:15px;line-height:131%;font-family:&#39;Times New Roman&#39;,&#39;serif&#39;;color:#333333\">T</span><span style=\"font-size:15px;line-height:131%;font-family: 宋体;color:#333333\">淋巴细胞与毛发再生之间的关系研究证实，斑秃是由能够识别毛囊抗原的</span><span style=\"font-size:15px;line-height:131%;font-family:&#39;Times New Roman&#39;,&#39;serif&#39;;color:#333333\">T</span><span style=\"font-size:15px;line-height:131%;font-family: 宋体;color:#333333\">淋巴细胞介导发生的。</span></p><p style=\"margin-top:0;margin-right:9px;margin-bottom:0;margin-left:2px;margin-bottom:0;text-align:justify;text-justify:inter-ideograph;line-height:131%\"><span style=\"font-size:15px;line-height:131%;font-family:宋体;color:#333333\">此外，大量临床和实验室数据都显示，细胞因子也是造成斑秃的关键因素之一。在斑秃患者的毛损处发现多种细胞因子的异常表达，并通过干涉毛发的生长周期使毛发提前抑制，从而导致脱发。</span></p><p style=\"margin-top:0;margin-right:9px;margin-bottom:0;margin-left:2px;margin-bottom:0;text-align:justify;text-justify:inter-ideograph;line-height:131%\"><span style=\"font-size:15px;line-height:131%;font-family:&#39;Times New Roman&#39;,&#39;serif&#39;;color:#333333\">2. </span><span style=\"font-size:15px;line-height: 131%;font-family:宋体;color:#333333\">遗传因素</span></p><p><span style=\"font-size:15px;font-family:宋体;color:#333333\">在大量有关斑秃的报道中，有阳性家族史的患者比例从</span><span style=\"font-size:15px;font-family:&#39;Times New Roman&#39;,&#39;serif&#39;;color:#333333\">10%</span><span style=\"font-size:15px;font-family:宋体;color:#333333\">到</span><span style=\"font-size:15px;font-family:&#39;Times New Roman&#39;,&#39;serif&#39;;color:#333333\">42%</span><span style=\"font-size:15px;font-family:宋体;color:#333333\">不等，但真实数据可能更大，因为常常有些较轻的病例容易被忽略或隐瞒。因此可看出遗传因素在斑秃的致病因子中的重要性。针对遗传因素的讨论主要是围绕和</span><span style=\"font-size:15px;font-family:&#39;Times New Roman&#39;,&#39;serif&#39;;color:#333333\">HLA</span><span style=\"font-size:15px;font-family:宋体;color:#333333\">基因座有关的几个问题展开的。许多有强自身免疫因素的疾病，大多显示出与</span><span style=\"font-size:15px;font-family:&#39;Times New Roman&#39;,&#39;serif&#39;;color:#333333\">HLA</span><span style=\"font-size:15px;font-family:宋体;color:#333333\">的关联，尤其是与</span><span style=\"font-size:15px;font-family:&#39;Times New Roman&#39;,&#39;serif&#39;;color:#333333\">HLA-II</span><span style=\"font-size:15px;font-family:宋体;color:#333333\">类基因有关。</span><span style=\"font-size:15px;font-family:&#39;Times New Roman&#39;,&#39;serif&#39;;color:#333333\">HLA</span><span style=\"font-size:15px;font-family:宋体;color:#333333\">与疾病遗传学意义上相关联的分子基础是基于</span><span style=\"font-size:15px;font-family:&#39;Times New Roman&#39;,&#39;serif&#39;;color:#333333\">HLA</span><span style=\"font-size:15px;font-family:宋体;color:#333333\">结合并呈递自身或外来抗原性多肽给免疫系统供识别并激活免疫反应。根据</span><span style=\"font-size:15px;font-family:&#39;Times New Roman&#39;,&#39;serif&#39;;color:#333333\">Andrade</span><span style=\"font-size:15px;font-family:宋体;color:#333333\">等人的实验结果，有学者认为斑秃是</span><span style=\"font-size:15px;font-family:&#39;Times New Roman&#39;,&#39;serif&#39;;color:#333333\">HLA-II</span><span style=\"font-size:15px;font-family:宋体;color:#333333\">类基因限制性的，是针对毛囊的器官特异性的免疫应答。</span></p><p><br/></p>', '1', '100');

-- ----------------------------
-- Table structure for `jyfx`
-- ----------------------------
DROP TABLE IF EXISTS `jyfx`;
CREATE TABLE `jyfx` (
  `id` int(11) NOT NULL AUTO_INCREMENT,
  `userId` int(11) NOT NULL DEFAULT '0',
  `blId` int(11) NOT NULL DEFAULT '0',
  `fengxianzhi` float(11,2) DEFAULT NULL,
  PRIMARY KEY (`id`)
) ENGINE=InnoDB AUTO_INCREMENT=31 DEFAULT CHARSET=utf8;

-- ----------------------------
-- Records of jyfx
-- ----------------------------
INSERT INTO `jyfx` VALUES ('12', '1', '1', '1.00');
INSERT INTO `jyfx` VALUES ('13', '1', '2', '1.30');
INSERT INTO `jyfx` VALUES ('14', '1', '3', '1.28');
INSERT INTO `jyfx` VALUES ('15', '1111', '1', '1.00');
INSERT INTO `jyfx` VALUES ('19', '1', '4', '1.30');
INSERT INTO `jyfx` VALUES ('20', '1', '5', '1.00');
INSERT INTO `jyfx` VALUES ('21', '1', '6', '1.23');
INSERT INTO `jyfx` VALUES ('22', '1', '7', '1.21');
INSERT INTO `jyfx` VALUES ('23', '1', '8', '1.19');
INSERT INTO `jyfx` VALUES ('24', '2', '1', '0.00');
INSERT INTO `jyfx` VALUES ('25', '1', '9', '1.11');
INSERT INTO `jyfx` VALUES ('27', '1', '10', '0.00');
INSERT INTO `jyfx` VALUES ('28', '1', '10', '0.00');
INSERT INTO `jyfx` VALUES ('29', '1', '11', '1.00');
INSERT INTO `jyfx` VALUES ('30', '1', '12', '112.00');

-- ----------------------------
-- Table structure for `table`
-- ----------------------------
DROP TABLE IF EXISTS `table`;
CREATE TABLE `table` (
  `id` int(8) NOT NULL AUTO_INCREMENT,
  `weidian` varchar(255) DEFAULT NULL,
  `pingjia` varchar(255) DEFAULT NULL,
  `yanjiujiazhi` float(64,2) DEFAULT NULL,
  `jiyinxing` varchar(255) DEFAULT NULL,
  `jieguo` text,
  `blId` int(12) NOT NULL DEFAULT '0',
  `userId` int(11) NOT NULL,
  PRIMARY KEY (`id`)
) ENGINE=InnoDB AUTO_INCREMENT=78 DEFAULT CHARSET=utf8;

-- ----------------------------
-- Records of table
-- ----------------------------
INSERT INTO `table` VALUES ('41', 'RS2165241', 'BAD', '2.20', 'CT', '剥脱性青光眼的风险显著增加', '2', '1');
INSERT INTO `table` VALUES ('42', 'RS3825942', '', '0.00', '', '未检出', '2', '1');
INSERT INTO `table` VALUES ('43', 'RS7775228', 'BAD', '0.00', 'CT', '过敏性鼻炎的风险略微增加', '3', '1');
INSERT INTO `table` VALUES ('44', 'RS2155219', 'BAD', '0.00', 'TT', '过敏性鼻炎的风险略微增加', '3', '1');
INSERT INTO `table` VALUES ('45', 'RS11887534', '', '0.00', '', '未检出', '4', '1');
INSERT INTO `table` VALUES ('48', 'RS6939340', 'BAD', '0.00', 'GG', '成神经细胞瘤的风险略微增加', '5', '1');
INSERT INTO `table` VALUES ('51', 'RS1265181', '', '0.00', '', '未检出', '6', '1');
INSERT INTO `table` VALUES ('57', 'RS3815148', 'GOOD', '0.00', 'AA', '骨关节炎的风险正常', '7', '1');
INSERT INTO `table` VALUES ('67', 'RS3903239', '', '0.00', '', '未检出', '8', '1');
INSERT INTO `table` VALUES ('70', 'RS1800497', 'BAD', '2.50', 'CT', '酒精依赖性偏高', '1', '1');
INSERT INTO `table` VALUES ('71', 'RS671', 'BAD', '2.00', 'GG', '酒精依赖性偏高', '1', '1');
INSERT INTO `table` VALUES ('72', 'RS27072', 'BAD', '2.00', 'CC', '酒精依赖性偏高', '1', '1');
INSERT INTO `table` VALUES ('73', 'RS7590720', 'BAD', '0.00', 'AG', '酒精依赖性偏高', '1', '1');
INSERT INTO `table` VALUES ('74', 'RS9479482', 'BAD', '0.00', 'TT', '斑秃的风险增加', '9', '1');
INSERT INTO `table` VALUES ('75', 'RS9275572', 'BAD', '0.00', 'GG', '斑秃的风险增加', '9', '1');
INSERT INTO `table` VALUES ('76', 'RS3118470', 'BAD', '0.00', 'CT', '斑秃的风险略微增加', '9', '1');
INSERT INTO `table` VALUES ('77', 'RS1024161', 'GOOD', '0.00', 'CT', '斑秃的风险正常', '9', '1');

-- ----------------------------
-- Table structure for `type`
-- ----------------------------
DROP TABLE IF EXISTS `type`;
CREATE TABLE `type` (
  `id` int(11) NOT NULL AUTO_INCREMENT,
  `name` varchar(255) DEFAULT NULL,
  `status` int(11) DEFAULT '0',
  PRIMARY KEY (`id`)
) ENGINE=InnoDB AUTO_INCREMENT=7 DEFAULT CHARSET=utf8;

-- ----------------------------
-- Records of type
-- ----------------------------
INSERT INTO `type` VALUES ('1', '健康风险', '0');
INSERT INTO `type` VALUES ('2', '遗传特征', '0');
INSERT INTO `type` VALUES ('3', '遗传性疾病', '0');
INSERT INTO `type` VALUES ('4', '药物反应', '0');
INSERT INTO `type` VALUES ('5', '营养代谢', '0');
INSERT INTO `type` VALUES ('6', '健身指导', '0');

-- ----------------------------
-- Table structure for `user`
-- ----------------------------
DROP TABLE IF EXISTS `user`;
CREATE TABLE `user` (
  `id` int(11) NOT NULL AUTO_INCREMENT,
  `userId` varchar(11) NOT NULL,
  `name` varchar(255) DEFAULT NULL,
  `phone` varchar(255) DEFAULT NULL,
  `email` varchar(255) DEFAULT NULL,
  `disable` int(11) NOT NULL DEFAULT '0',
  PRIMARY KEY (`id`)
) ENGINE=InnoDB AUTO_INCREMENT=9 DEFAULT CHARSET=utf8;

-- ----------------------------
-- Records of user
-- ----------------------------
INSERT INTO `user` VALUES ('1', '1', 'chen', null, null, '0');
INSERT INTO `user` VALUES ('2', '2', '2', '2', '2', '1');
INSERT INTO `user` VALUES ('3', '3', '3', '3', '3', '1');
INSERT INTO `user` VALUES ('4', '1111', '11111', '111', '111', '1');
INSERT INTO `user` VALUES ('5', '2', '2222', '222', '222', '0');
INSERT INTO `user` VALUES ('6', '111', '', '', '', '1');
INSERT INTO `user` VALUES ('7', '', '', '', '', '1');
INSERT INTO `user` VALUES ('8', '122', '1222', '', '', '0');
